Código;Descripción;Stock Real; Precio 
FR-9881;9881 BUJE KIT PALANCA DE CAMBIOS TOYOTA CELICA, FORYUNER, HILUX, TACOMA MOD 95-04;1761;17350
FR-9430;9430 BUJE  MUÑECO RENAULT CLIO Y SYMBOL;1383;12550
MT-7011;7011 BUJE YAMAHA FZ 2,5, MT 15 Y R15 V3 Y V4;1;28100
FR-9413;9413 BUJE CAMPEROS GENERICO;0;16350
MT-7024;7024 BUJE SUZUKI GIXXER 250;48;61000
FR-9916;9916 BUJE DE AMORTIGUADOR PARA MERCEDES CON INTERNO;41;15900
FR-9420;9420 BUJE TOYOTA HILUX 2WD,4WD, RUNNER;64;15200
FR-9740;9740 BUJE SUPERIOR DE TIJERA DE LUV 2300;132;19200
FR-9411;9411 BUJE MAZDA B1600, B2000,B2200;0;14650
FR-9714;9714 BUJE SUAVIZADOR MEDIANO;1299;2000
FR-9707;9707 BUJE BALANCIN HYUNDAI CONTY ENSAMBLADO COMPLETO;7;14550
FR-9415;9415 BUJE TOYOTA LAND CRUISER 4,5L;0;15450
MT-7008;7008 BUJE  HONDA CB 160, 190 E INVICTA 150;428;29400
FR-9302;9302 BUJE PARA TORNILLO DE BARRA ESTABILIZADORA TIPO UNIVERSAL CON PESTAÑA;340;1450
FR-9779;9779 BUJE TIJERA SUPERIOR DMAX 4X2;0;40900
FR-9001;9001 BUJE CONICO TRAILER GRANDE;74;39450
FR-9826;9826 BUJE ESCOPETA DE TOYOTA BURBUJA 4,5 NISSAN PATROL;0;48350
FR-9416;9416 BUJE  CAMPERO GENERICO;0;21900
MT-7013;7013 BUJE SUZUKI GIXXER SF Y GSX 150R;0;21900
FR-9431;9431 BUJE TORNILLO BARRA ESTABILIZADORA TIPO UNIVERSAL MUÑECO NPR;0;32200
FR-9401;"9401 BUJE CHEVROLET LUV 1600; 2000; 2300";0;7100
BSL-002;BSL-002 BALANCIN VIGO ORIGINAL - SIN SISTEMA DE LUBRICACIÓN;0;76000
KIT-5002;KIT-5002 KIT BUJE SUPLEMENTO TOYOTA;0;58200
BSL-010;BSL-010 BALANCIN CHEVROLET LUV 2300 - 90mm - SIN SISTEMA DE  LUBRICACIÓN;0;64000
FR-9408;9408 BUJE OEM JI2134158/8AG1-34100 MAZDA 626;0;11650
BSL-014;BSL-014 BALANCIN MONTERO / H100 / STAREX / L200 / SPORTERO - SIN SISTEMA DE LUBRICACIÓN;0;54000
BSL-023;BSL-023 BALANCIN NKR Y NHR - SIN SISTEMA DE LUBRICACIÓN;0;72000
FR-9402;9402 BUJE  CHEVROLET LUV 1600;0;6650
FR-9410;9410 BUJE TORNILLO BARRA ESTABILIZADORA MAZDA 323;0;17450
FR-9844;9844 BUJE CHERY VAN YOYO 2020 56 X 11, CHERY PRACTIVAN;0;11800
BSL-007;BSL-007 BALANCIN REVO LARGO - SIN SISTEMA DE LUBRICACIÓN;0;76400
FR-9404;9404 BUJE CHEVROLET SAMURAI;0;21550
FR-9414;9414 BUJE MITSUBISHI V6 3000;0;15550
FR-9883;9883 BUJE BARRA ESTABILIZADORA TOYOTA FJ CRUISER, DINA, FORD RANGER Y PRADO 150 Y TXL;0;11550
BSL-001;BSL-001 BALANCIN VIGO LARGO - SIN SISTEMA DE LUBRICACIÓN;0;79400
FR-9403;9403 BUJE CHEVROLET SAMURAI;0;19550
FR-9405;9405 BUJE  OEM GJ2134158/54718-43000 CHEVROLET MONZA;0;14100
FR-9406;9406 BUJE OEM 111072881 CHEVROLET CHEVETTE GENERICA;0;12800
FR-9407;9407 BUJE DAEWOO RACER ESPERO, CIELO;0;18000
FR-9418;9418 BUJE TORNILLO BARRA ESTABILIZADORA MAZDA HYUNDAI;0;13550
FR-9422;9422 BUJE MUÑECO MITSUBISHI MONTERO;0;8550
KIT-01-5003;01-5003 BUJE SUPLEMENTO MAZDA BT-50, FORD RANGER;0;116400
KIT-02-5003;02-5003 BUJE SUPLEMENTO LUV DMAX 4X2;0;116400
KIT-03-5002;03-5002  BUJE SUPLEMENTO TOYOTA;0;116400
BSL-011;BSL-011 BALANCIN CHEVROLET LUV 2300 - 120mm - SIN SISTEMA DE LUBRICACIÓN;0;68700
BL-033;BL-033 KIT BALANCIN DOBLE FUNCIÓN TOYOTA REVO (IZQ Y DER CON BUJES);0;660000
FR-9306HD;9306HD BUJE MUELLE HOJA NKR CON BUJE INTERNO METALICO TRABAJO PESADO;0;10800
FR-9728;9728 BUJE NPR TAPAS;0;25000
FR-9739;9739 BUJE MUELLE ISUZO NHR/NKR TAPAS;0;16800
368150;368150  BUJE POLIURETANO CONICO AMORTIGUADOR 9840;0;650
FR-9753;9753 BUJE MUELLE MERCEDES BENZ ATEGO 1725 , 1016;0;24800
FR-9754;9754 BUJE MUELLE MERCEDES BENZ ATEGO LO 1726;0;16550
FR-9756;9756 BUJE PUNTA DE BARRA ESTABILIZADORA VOLSWAGEN CAMION 1800;0;20000
FR-9412;9412 BUJE  CAMPERO GENERICO;0;19200
FR-9417;9417 BUJE CAMPEROS GENERICO;0;24000
FR-9419;9419 BUJE TORNILLO ESTABILIZADOR 5 1/2 SEPARADOR 40MM 3/8;0;16450
FR-9421;9421 BUJE TORNILLO ESTABILIZADOR MAZDA 323 3/8*4 1/2 SEPARADOR DE 15 MM;0;12200
FR-CAR 001;BUJE CARCAZA PARA HOJA MUELLE NKR;0;4900
V;BUJE BARRA ESTABILIZADORA HINO SIN PESTAÑA;0;22100
MT-7001;7001 BUJE UM RENEGADE Y AKT SL 125;0;21900
FR-9814;9814 BUJE CHASIS Y BALANCIN LAND ROVER;0;9000
MT-7014;7014 BUJE YAMAHA XT 660;0;66500
FR-9836;9836 KIT BUJE MUELLE (REMPLAZO BUJE RB-410);0;16200
MT-7002-SP-A;7002-SP-A  BUJE KTM 200, 250, 390 NG Y CLASICA . DOMINAR 250 Y 400UG. SVARPILEN 200;0;30100
FR-9833;9833 BUJE BASE AMORTIGUADOR DELANTERO, RENAUL, LOGAN, DUSTER Y SANDERO;0;38550
CF-9838;BUJE MUELLE MITSUBISHI CANTER Y TOYOTA DYNA;0;7550
MT-7009-B;7009-B BUJE YAMAHA R15 SOLO FRENO DE DISCO;0;24400
MT-7013-B;7013-B BUJE SUZUKI GIXXER SF Y GSX 150R;0;21900
MG-10;MANGO PARA ESCOFINA CRISTALINO;0;18550
MT-7008-B;7008-B BUJE HONDA CB 160, 190 E INVICTA 150;0;29400
MT-7011-B;7011-B BUJE YAMAHA F 2.5;0;28100
MT-7015;7015 BUJE CAMPANA SUZUKI  V STROM;0;112800
FR-9450;9450 BUJE MAZDA B1600, B2000, B2200;0;14700
FR-9451;9451 BUJE CAMPERO GENERICO;0;19250
FR-9452;9452 BUJE CAMPEROS GENERICO;0;16350
FR-9453;9453 BUJE MITSUBISHI V6 3000;0;15600
FR-9454;9454 BUJE TORNILLO BARRA ESTABILIZADORA MAZDA HYUNDAI;0;13600
FR-9847;9847 BUJE CONICO DE 14 ML;0;1900
FR-9845;9845 KIT BUJE BALANCIN LARGO TOYOTA HIACE;0;13450
FR-9856;9856 BUJE CONICO AMORTIGUADOR UNIVERSAL 368121;0;3200
FR-9455;9455 BUJE MUÑECO MITSUBISHI MONTERO;0;8000
FR-9456;9456 BUJE TOYOTA HILUX 2WD,4WD, RUNNER;0;15250
FR-9457;9457 BUJE CAMPERO GENERICO;0;21900
MT-7019;7019 BUJE YAMAHA R1 / MT09 / XRS900 / FZ09 / FJ09 / TRACER 900 KIT X 6;0;137600
MT-7002-SP-B;MT-7002-SP-B BUJE KTM 200,390 Y DOMINAR 400;0;25550
FR-9458;9458 BUJE CHEVROLET SAMURAI;0;19600
FR-9459;9459 BUJE CHEVROLET SAMURAI;0;21600
FR-9460;9460 BUJE OME GJ2134158/54718-43000 CHEVROLET MONZA;0;14100
FR-9461;9461 BUJE OEM 11072881 CHEVROLET CHEVETTE, GENERICA;0;12800
FR-9462;9462 BUJE OEM 11087522 DAEWOO RACER, ESPERO, CIELO;0;18000
FR-9463;9463 BUJE OEM JI2134158/8AG1-34100 MAZDA 626;0;11650
FR-9464;9464 BUJE TORNILLO BARRA ESTABILIZADORA MAZDA 323;0;17450
FR-9465;9465 BUJE TOYOTA LAND CRUISER 4,5L;0;15450
FR-9466;9466 BUJE CAMPEROS GENERICO;0;24000
FR-9467;9467 BUJE TORNILLO ESTABILIZADOR NISSAN DATSUN 1200;0;16450
FR-9468;9468 BUJE MUÑECO HYUNDAI ACCENT 5/16, 5 1/2;0;16000
BL-4001;4001 BALANCIN MUELLE 13CM (PASADORES LUBRICADOS) TOYOTA HILUX VIGO;0;150000
MT-7023;7023 BUJE CAMPANA CF MOTOS 400NK, 400GT, 650NK, 650GT Y 650MT;0;109900
KIT-04-5006;04-5006 KIT BUJE SUPLEMENTO 5006 NISSAN FRONTIER NP 300;0;116400
BL-4002-SL;4002SL BALANCIN MUELLE 11 CM ORIGINAL HILUX VIGO CON SISTEMA DE LUBRICACIÓN;0;165000
BL-4003-SL;4003SL BALANCIN MUELLE 11CM ORIGINAL HILUX REVO CON SISTEMA DE LUBRICACIÓN;0;172000
BL-4004;4004 BALANCIN MUELLE 11CM ORIGINAL TOYOTA HILUX REVO MOD/2017;0;160000
BL-4006;4006 BALANCIN MUELLE 13CM TRASERO (PAS LUB) TOYOTA HILUX VIGO;0;150000
BL-4007;4007 BALANCIN MUELLE 13CM ORIGINAL HILUX REVO (SIS LUB);0;160000
FR-9469;9469 BUJE TORNILLO PARA BARRA ESTABILIZADORA PARA MAZDA;0;12400
BL-001;BL-001 BALANCIN VIGO LARGO;0;102200
BL-003;BL-003 BALANCIN NISSAN D-21 70mm;0;83500
BL-004;BL-004 BALANCIN NISSAN D-21 95mm;0;86200
BL-005;BL-005 BALANCIN MAZDA B2000 SEMILARGO;0;100200
BL-006;BL-006 BALANCIN REVO CORTO;0;94800
BL-008;BL-008 BALANCIN TOYOTA 4,5 85mm;0;88600
BL-009;BL-009 BALANCIN MAZDA B2000;0;97500
BL-010;BL-010 BALANCIN CHEVROLET LUV 2300 90mm;0;85200
BL-011;BL-011 BUJE BALANCIN CHEVROLET LUV 2300 - 120mm;0;88700
BLA-001;BLA-001 BALANCIN VIGO LARGO CON BUJES;0;109600
BLA-002;BLA-002 BALANCIN VIGO CORTO CON BUJES;0;107300
BLA-003;BLA-003 BALANCIN NISSAN D-21 70mm;0;92900
BLA-004;BLA-004 BALANCIN NISSAN D-21 95mm;0;95400
BLA-005;BLA-005 BALANCIN MAZDA B2000 SEMILARGO;0;108500
BLA-006;BLA-006 BALANCIN REVO CORTO;0;102600
BLA-007;BLA-007 BALANCIN REVO LARGO CON BUJES;0;104600
BLA-008;BLA-008  BALANCIN TOYOTA 4,5 85mm;0;112200
BLA-009;BLA-009 BALANCIN MAZDA B2000;0;111500
BLA-010;BLA-010 BALANCIN CHEVROLET LUV 2300 90 mm;0;89300
BLA-011;BLA-011 BALANCIN CHEVROLET LUV 2300 120mm;0;92700
BL-012;BL-012 BALANCIN NISSAN FRONTIER 120mm;0;88600
BL-018;BL-018 BALANCIN MITSUBISHI CANTER Y HYUNDAI COUNTY;0;81400
BL-019;BL-019 BALANCIN CHEVROLET NPR CRUZADO;0;90100
BL-023;BL-023 BALANCIN NKR CRUZADO (74MM) CORTO;0;72000
BL-024;BL-024 BALANCIN CHEVROLET NPR CRUZADO TRASERO;0;64700
BSL-009;BSL-009 BALANCIN MAZDA B2000 (6040) - SIN SISTEMA DE LUBRICACIÓN;0;71700
BSL-012;BSL-012 BALANCIN NISSAN FRONTIER - SIN SISTEMA DE LUBRICACIÓN;0;68700
BSL-013;BSL-013 BALANCIN KIA PREGIO / H1 / GRAND STAREX - SIN SISTEMA DE LUBRICACIÓN;0;65400
BSL-024;BSL-024 BALANCIN NPR TRASERO - SIN SISTEMA DE LUBRICACIÓN;0;64700
BSL-025;BSL-025 BALANCIN TOYOTA 4,5 de 120mm (MEDIA LUNA) - SIN SISTEMA DE LUBRICACIÓN;0;99000
BSL-026;BSL-026 BALANCIN TOYOTA 4,5 DE 140mm (MEDIA LUNA) - SIN SISTEMA DE LUBRICACIÓN;0;116400
PL-017;PL-017 PLATINA PARA NPR TRASERA 90mm;0;19000
BSL-016;BSL-016 BALANCIN WULING / N200 / DFM;0;44400
BSLA-002;BSLA-002 BALANCIN;0;89100
BSLA-006;BSLA-006 BALANCIN;0;85800
BSLA-013;BSLA-013 BALANCIN KIA PREGIO/ H1 /GRAND STAREX;0;79600
BSLA-020;BSLA-020 BALANCIN;0;109400
BSLA-027;BSLA-027 BALANCIN;0;86300
BSL-030;BSL-030 BALANCIN REVO EXTRALARGO CENTROS 150mm - SIN SISTEMA DE LUBRICACION;0;73400
BSL-038;BSL-038 BALANCIN SUZUKI 70 mm (MEDIA LUNA) - SIN SISTEMA DE LUBRICACION;0;50600
BSL-039;BSL-039 BALANCIN SUZUKI 95 mm (MEDIA LUNA) - SIN SISTEMA DE LUBRICACION;0;62600
BSL-040;BSL-040 BALANCIN SUZUKI 120 mm (MEDIA LUNA) - SIN SISTEMA DE LUBRICACION;0;67000
BSL-043;BSL-043 BALANCIN NISSAN FRONTIER120mm (MEDIA LUNA) - SIN SISTEMA DE LUBRICACIÓN;0;81700
BSL-031;BSL-031  BALANCIN SUZUKI / HAFEI / DAMAS / CARRY LARGO;0;47000
BSL-032;BSL-032 BALANCIN SUZUKI / HAFEI / DAMAS / CARRY;0;48800
BSL-041;BSL-041 BALANCIN CHEVROLET LUV 2300 - 120mm (MEDIA LUNA) - SIN SISTEMA DE LUBRICACIÓN;0;83100
BSL-042;BSL-042 BALANCIN CHEVROLET LUV 2300 - 140mm (MEDIA LUNA) - SIN SISTEMA DE LUBRICACIÓN;0;91000
PL-050;PL-050 PLATINA PARA NPR 110mm;0;21000
BL-034;BL-034 KIT BALANCIN DOBLE FUNCIÓN TOYOTA VIGO (IZQ Y DER CON BUJES);0;600000
KIT-07-5014;07-5014 KIT BUJE SUPLEMENTO DELANTERO TOYOTA COROLLA CROSS;0;161100
BSLA-001;BSLA-001 BALANCIN;0;92500
BSLA-004;BSLA-004 BALANCIN;0;78900
BSLA-005;BSLA-005 BALANCIN  MAZDA B2000 SEMILARGO;0;89700
BSLA-007;BSLA-007 BALANCIN;0;89500
BSLA-008;BSLA-008 BALANCIN;0;91000
BSLA-011;BSLA-011  BALANCIN;0;77500
BSLA-014;BSLA-014 BALANCIN;0;66000
BSLA-015;BSLA-015 BALANCIN;0;80500
BSLA-017;BSLA-017 BALANCIN SUZUKI / HAFEI / DAMAS / CARRY;0;57600
BSLA-036;BSLA-036 BALANCIN;0;73300
BSLA-041;BSLA-041 BALANCIN CHEVROLET LUV 2300 - 120mm (MEDIA LUNA);0;91900
BSLA-042;BSLA-042 BALANCIN CHEVROLET LUV 2300 - 140mm (MEDIA LUNA);0;99800
BSLA-029;BSLA-029 BALANCIN CHEVROLET N300;0;63700
BSLA-028;BSLA-028 BALANCIN DAIHATSU F20;0;73400
BSLA-009;BSLA-009 BALANCIN MAZDA B2000 (6040) - SIN SISTEMA DE LUBRICACIÓN;0;85700
BSLA-043;BSLA-043 BALANCIN NISSAN FRONTIER120mm (MEDIA LUNA);0;95900
BSLA-032;BSLA-032 BALANCIN SUZUKI / HAFEI / DAMAS / CARRY;0;59400
BSLA-040;BSLA-040 BALANCIN SUZUKI 120 mm (MEDIA LUNA);0;77600
BSLA-022;BSLA-022 BALANCIN TOYOTA 4,5 140mm;0;94100
BSLA-026;BSLA-026 BALANCIN TOYOTA 4,5 DE 140mm (MEDIA LUNA);0;133800
KIT-05-5008;05-5008 KIT BUJE SUPLEMENTO FORD RANGER LIMITED 3,2 MOD 2020;0;116400
FR-9962;9962 BUJE MUELLE LARGO NISSAN DATSUN l200;0;2500
KIT-08-5009;08-5009 KIT BUJE SUPLEMENTO FORD 150;0;148500
BSLA-003;BSLA-003 BALANCIN NISSAN D21-70 mm -SIN SISTEMA DE LUBRICACIÓN;0;75600
BSLA-010;BSLA-010 BALANCIN;0;72800
BSLA-021;BSLA-021 BALANCIN  BALANCIN TOYOTA 4,5 110mm - SIN SISTEMA DE LUBRICACIÓN;0;89400
BSLA-047;BSLA-047 BALANCIN MONTERO / H100 / STAREX / L200 / SPORTERO;0;73600
BSLA-016;BSLA-016 BALANCIN WULING / N200 / DFM;0;54800
BSLA-031;BSLA-031  BALANCIN SUZUKI / HAFEI / DAMAS / CARRY LARGO;0;57600
FR-9944R;9944R BUJE TOPE  SUPERIOR BALLESTA NISSAN FRONTIER REPUESTO;0;95000
KIT-5006;KIT-5006  BUJE SUPLEMENTO 5006 NISSAN FRONTIER NP 300;0;58200
FR-9470;FR-9470 BUJE MUÑECO BARRA ESTABILIZADORA;0;15000
HR-P24D;HERRADURA PEQUEÑA DELANTERA 24-26;1;23350
BL-007;BL-007 BALANCIN REVO LARGO;1;97000
BSL-015;BSL-015 BALANCIN HILUX SEMI LARGO - SIN SISTEMA DE LUBRICACIÓN;1;69000
KIT-06-5002A;06-5002A KIT BUJE SUPLEMENTO TOYOTA;1;144600
FR-9770;9770 BUJE BARRA ESTABILIZADORA MERCEDES BENZ LO 814 ATEGO 1725 Y 1726;2;7550
MX-1406021;BUJE DE TIJERETA SUPERIOR HYNDAI H-100 PEQUEÑO;2;1300
MX-4806135040;BUJE DE TIJERA INFERIOR TOYOTA TACOMA Y RUNNER 4WD 96 PRADO;2;19500
MX-4870235070;BUJE DE BARRA TENSORA TRASERA LATERAL EXTERNA TOYOTA Y RUNNER TACOMA, KIA CERES PRADO;2;16450
MX-5238042071;BUJE TENSORA TRASERA TOYOTA TRAV MODEL (97-99);2;15350
MX-54506B9500;BUJE DE TIJERA NISSAN 720, D21 PATHNFINDER SUPERIOR;2;7400
MX-54560VW010;BUJE TIJERETA INF GRANDE NISSAN URVAN MODEL (02-06);2;30650
MX-9087;BUJE BARRA ESTABILIZADORA GM TODAS LAS CAMIONETAS;2;7800
FR-9815;9815 BUJE CARRETA UNIVERSAL CON INTERNO;2;5550
MT-7016;7016 BUJE CAMPANA SUZUKI DR 650;2;70400
MT-7006M;7006MT LIMPIABRISAS PARA MOTO MORADO;2;6450
BL-002;BL-002 BALANCIN VIGO CORTO;2;99800
FR-9706;9706 BUJE BALANCIN DELANTERO HYUNDAI ENSAMBLADO COMPLETO;3;14550
FR-9772;9772 BUJE BARRA ESTABILIZADORA CHEVROLET N200 Y CHINOS;3;3450
BSL-020;BSL-020 BALANCIN TOYOTA 4,5 MONJA - SIN SISTEMA DE LUBRICACIÓN;3;80000
PL-002-N;PLANTILLA SENCILLA NEGRA;4;15100
BSL-006;BSL-006 BALANCIN REVO CORTO - SIN SISTEMA DE LUBRICACIÓN;4;72700
BSL-022;BSL-022 BALANCIN TOYOTA 4,5 140mm - SIN SISTEMA DE LUBRICACIÓN;4;76700
FR-9931;9931 BUJE MUELLE KIA GRAN PREGIO MOD 2008 ...../ KIA K2700 / HYUNDAI STAREX;5;31200
FR-9737;9737 BUJE SUAVIZADOR MERCEDES BENZ;6;6900
FR-9423;"9423 BUJE MUÑECO HYUNDAI ACCENT 5/16 ,  5 1/2
SEPARADOR DE 35MM";6;16000
BSL-019;BSL-019 BALANCIN CHEVROLET NPR CRUZADO - SIN SISTEMA DE LUBRICACIÓN;6;63000
BSLA-012;BSLA-012 BALANCIN NISSAN FRONTIER - SIN SISTEMA DE LUBRICACIÓN;6;82900
KIT-5003;KIT 5003 BUJE SUPLEMENTO MAZDA BT-50, FORD RANGER;6;58200
MX-61619;BUJE DE TIJERA INF DE DODGE RAM;7;32350
BSL-003;BSL-003 BALANCIN NISSAN D21-70 mm -SIN SISTEMA DE LUBRICACIÓN;7;61400
BSL-018;BSL-018 BALANCIN MITSUBISHI CANTER Y HYUNDAI COUNTY - SIN SISTEMA DE LUBRICACIÓN;7;81400
BSL-017;BSL-017 BALANCIN SUZUKI / HAFEI / DAMAS / CARRY;7;47000
MX-545602S600;BUJE TIJERETA INF NISSAN FRONTIER;9;15450
MX-MB109643;BUJE TIJERETA SUPERIOR MITSUBISHI  MONTERO;9;17350
MT-7030;7030 BUJE CAMPANA BMW GS310 Y 310 KIT X 3;9;131900
BSL-021;BSL-021 BALANCIN TOYOTA 4,5 110mm - SIN SISTEMA DE LUBRICACIÓN;9;72000
FR-9940;9940  BUJE CABINA Ø80 X Ø14  X 70;9;49500
MX-54560VW000;BUJE TIJERETA INF PEQUEÑO NISSAN URVAN MODEL (02-07);10;23200
MX-8972200430;BUJE TIJERETA SUPERIOR CHEVROLET DIMAX MODEL (00-02);10;20800
FR-9831;9831 BUJE BARRA ESTABI MERCEDES BENZ 815;10;21350
BSL-004;BSL-004 BALANCIN NISSAN D21-95 mm - SIN SISTEMA DE LUBRICACIÓN;10;64700
BSL-005;BSL-005 BALANCIN MAZDA B2000 SEMILARGO - SIN SISTEMA DE LUBRICACIÓN;10;75700
KIT-09-5002B;09-5002B KIT BUJE SUPLEMENTO TOYOTA;10;105100
FR-9409;9409 BUJE TORNILLO BARRA ESTABILIZADORA PARA MAZDA 323;11;10900
MX-1403021;BUJE DE TIJERA CHEVROLET OPTRA 06-08 GRANDE;12;26450
MX-9513510291;BUJDE DE HOJA DE RESORTE TRASERA ISUZU NPR MODEL (00-02);12;150
FR-9804;9804 BUJE BARRA TENSORA DELANTERA CHERY  X1, QQ6;12;5800
HR-XLD;HERRADURA GIGANTE DELANTERA;12;40800
FR-9008;9008 BUJE CORBATIN PARA BARRA DE TORSION 47691;12;125000
FR-9934;9934 BUJE TIJERA PUÑO TOYOTA COROLLA;12;48500
FR-9851;9851 BUJE MUELLE PARTE FIJA HYUNDAI COUNTY;13;23000
FR-9007;9007 BUJE PARA BARRA DE TORSION OEM 44695;13;198800
MX-1406006;BUJE DE TIJERA PEQUEÑO DELANTERA HYNDAI ATOS (01-04);14;9500
HR-XLT;HERRADURA GIGANTE TRASERA;14;40800
FR-9894;9894 BUJE BARRA ESTABILIZADORA CHEVROLET SAIL DELANTERA;14;5350
FR-9968;9968 BUJE TOPE MUELLE DAIHATSU DELTA CHASIS;14;55900
MX-1666010;BUJE DE BARRA ESTABILIZADORA NISSAN PICK UP (04-08);16;7800
MX-486540K040;BUJE DE TIJERETA INF TOYOTA HILUX VIGO TACOMA;16;18100
MT-7009;7009 BUJE AKT;16;24400
MT-7005-B;7005-B BUJE BAJAJ, BOXER, DISCOVER, PLATINO 125 Y XL;16;17800
FR-5009;5009 BUJE SUPLEMETO ELEVACION FORD 150;16;49200
BSL-027;BSL-027 BALANCIN FORD RANGER - SIN SISTEMA DE LUBRICACIÓN;18;66700
FR-5005;5005 BUJE SUPLEMENTO DELANTERO Y TRASERO SUZUKI JIMNY, Y  TRASERO GRAND VITARA;19;27650
FR-9923;9923 BUJE MUELLE FORD RANGER 2.2 y 3.2 MOD 2017 …….;19;38000
MX-5457050Y11;BUJE DE TIJERA DELANTERA NISSAN SENTRA MODEL (92-05);20;14650
MG-07;MANGO PARA ESCOFINA ROSADO;21;18550
FR-9846;9846 BUJE TOPE AMORTIGUADOR DELANTERO SSANYONG REXTON KYRON;21;25550
MX-4863526010;BUJE DE TIJERETA SUPERIOR GRANDE TOYOTA HILUX 4WD;22;20800
MX-4867430040;BUJE DE BARRA TENSORA TOYOTA HILUX 2WD MAZDA B2000 B2200 2WD;22;2750
MT-7006G;7006G LIMPIABRISAS PARA MOTO GRIS;23;6450
FR-9708;9708 BUJE BALANCIN MUELLE DAIHATSU F-20;24;4350
MX-1403024;BUJE DE TIJERA INFERIOR CHEVROLET AVEO (07-08);24;15350
FR-9824;9824 BUJE TOYOTA DE ESCOPETA DESCENTRADO ( SUSPENSIÓN AUSTRALIANA);24;48350
MT-7010;7010 BUJE CAMPANA BMW F 650 GS KIT X 3;24;160900
FR-9837;9837 BUJE MUÑECO HIUNDAI ATOS;25;13800
MX-89442265572;BUJE TIJERA DELANTERA SUPERIOR ISUZU TROOPER;26;14650
FR-9830;9830 BUJE MUELLE HOJA TRASERA NPR 2008;26;12200
MG-02;MANGO PARA ESCOFINA AZUL;26;18550
FR-9781;9781 BUJE ESCOPETA TOYOTA, BURBUJA NISSAN PATROL CENTRADO;27;19200
MX-4863226010;BUJE DE TIJERETA SUPERIOR TOYOTA HILUX 4WD;27;21100
FR-9818;9818 BUJE BARRA ESTABILIZADORA HINO SIN PESTAÑA;27;27450
MG-06;MANGO PARA ESCOFINA NARANJA;27;18550
FR-9911;9911 BUJE BRAZO OSCILANTE NISSAN NAVARA, D21,720 Y CABSTAR;27;9300
FR-9727;9727 BUJE TIJERA INFERIOR PEQUEÑO NISSAN TIIDA MICRA;28;25550
FR-9893;9893 BUJE TIJERA CHEVROLET AVEO - SAIL;28;13900
MX-4865435010;BUJE DE TIJERA INFERIOR DELANTERA TOYOTA HILUX 4X2 MAZDA PICK UP B2200;29;33650
MG-09;MANGO PARA ESCOFINA VERDE;29;18550
MT-7029;7029 BUJE CAMPANA VICTORY ZONTES ZT350 GK;29;43900
FR-9933;9933 BUJE TIJERA TOYOTA COROLLA;29;22000
MG-05;MANGO PARA ESCOFINA MORADO;30;18550
FR-9821;9821 BUJE TIJERA MONTERO MITSUBISHI V6 Y NATIVA;31;26200
FR-9944;9944 BUJE TOPE  SUPERIOR BALLESTA NISSAN FRONTIER;32;119000
FR-5014;"5014 BUJE SUPLEMENTO AMORTIGUADOR TOYOTA
COROLLA CROSS";33;55500
MX-4870235050;BUJE BARRA TENSORA TRASERA TOYOTA PRADO (98-02);34;17750
MT-7021;7021 BUJE CAMPANA AKT CR5 / TTX / XM180;35;34200
FR-9902;9902 BUJE BARRA TENSORA ISUZU PUB, KB;36;3700
HR-G31D;HERRADURA GRANDE DELANTERA 31-33;37;35000
MT-7006NG;7006 NG LIMPIABRISAS PARA MOTO NEGRO;37;6450
FR-9782;9782 BUJE TIJERA SUPERIOR TOYOTA PRADO;38;22000
HR-M27T;HERRADURA MEDIANA TRASERA 27 - 30;38;29100
MT-7006V;7006V LIMPIABRISAS PARA MOTO VERDE;38;6450
BSL-008;BSL-008 BALANCIN TOYOTA 4.5 - 85 mm - SIN SISTEMA LUBRICACIÓN;38;67400
PL-008;PL-008 PLATINA PARA NPR CRUZADO  80mm;38;19000
MT-7002;7002 BUJE PULSAR NS 200, PULSAR 1, KTM 200, 390 DUKE 200;39;22900
FR-9857;9857 BUJE TIJERA DELANTERA SUBARU FORESTER, LEGACY, OUTBACK MOD 2006 EN ADELANTE;39;24200
MX-K6284;BUJE TIJERETA CHEVROLET OPTRA MODEL (06-08) PEQUEÑO;40;15350
FR-9896;9896 BUJE MUELLE TOYOTA 22R SENCILLO;40;23200
FR-9939;9939 BUJE CABINA Ø67 X Ø13 X 67;41;38500
FR-9768;9768 BUJE TOPE AUXILIAR MUELLE HYUNDAI MITSUBHISHI CANTER;42;21350
FR-9822;9822 BUJE TIJERA MAZDA INFERIOR B 2600 2200 Y BT-50;43;14550
HR-P24T;HERRADURA PEQUEÑA TRASERA 24-26;43;23350
FR-9322;9322 BUJE MUELLE CON CARCAZA PARA ISUZ;44;9350
MG-01;MANGO PARA ESCOFINA AMARILLO;44;18550
MG-03;MANGO PARA ESCOFINA FOTOLUMINISCENTE;44;18550
FR-9861;9861 BUJE AMORTIGUADOR DE 14MM Y 37MM;44;16000
FR-9915;9915 BUJE TOPE MUELLE SUSPENSION TRASERA TOYOTA HILUX VIGO REVO;46;49900
FR-9920;9920 BUJE TEMPLETE BARA ESTABILIZADORA TOYOTA 1999 - 2016;46;21900
FR-9919;9919 BUJE BARRA ESTABILIZADORA TRASERO HYUNDAI COUNTY 4X2 MODELO 2010;46;8900
MT-7005;7005 BUJE AKT CR4;47;17800
FR-9887;9887 BUJE BARRA ESTABILIZADORA MITSUBISHI CANTER FUSO;48;9200
FR-9722;9722 RB 413 BUJE PARTE FIJA NPR 2011;49;25900
FR-9832;9832 BUJE BARRA ESTABILIADORA N300 CHEVROLET;49;8100
FR-9937;9937 BUJE TOPE MUELLE FORD RANGER BT-50 LARGO;49;42500
FR-9935;9935 BUJE TEMPLADOR DE LA SUSPENSIÒN AMPRO PLATAFORMA;49;52500
FR-9723;9723 RB 440 BUJE PARTE FIJA NPR 2011;51;25900
PL-002;PLANTILLA SENCILLA;51;15100
MT-7004;7004 BUJE AKT EVO, APACHE 160,  180 Y 200 SOLO FRENO DE DISCO. SUZUKI GN 125;52;22900
FR-9870;9870 BUJE BARRA ESTABILIZADORA HONDA CIVIC 2001 ….DELANTERA;53;9200
MT-7017;7017 BUJE YAMAHA R6 /MT07/ XRS700 / FZ07;54;137600
FR-9769;9769 BUJE BALANCIN CHERRY YOYO LARGO;56;4200
MT-7007;7007 BUJE KAWASAKI Z 250 Y NINJA 300;59;94600
FR-9843;9843 BUJE PARTE FIJA N300 44 X 20;60;7100
PL-003;PLANTILLA COMPENSADA A 2°;62;23200
FR-9306HDR;9306HDR BUJE MUELLE NKR CARCAZA Y BUJE INTERNO METALICO;64;14350
MG-08;MANGO PARA ESCOFINA ROJO;66;18550
MT-7022;7022 BUJE CAMPANA CF MOTOS 250NK, 300NK, 250SR Y 300SR;69;55600
FR-9004;9004 BUJE QUINTA RUEDA HOLAND HUECO PEQUEÑO;70;42900
FR-9867;9867 BUJE TIJERA CHEVROLET AVEO SAIL 1.4 / 1.6;73;25550
FR-9716;9716 BUJE SUAVIZADOR PEQUEÑO;74;1550
MT-7006R;7006R LIMPIABRISAS  PARA MOTO ROJO;74;6450
FR-9850;9850 BUJE MUELLE BALANCIN RB-414 CON INTERNO;77;10650
FR-9904;9904 BUJE MUELLE ESPECIAL 18,2 X 30 X 76;78;23200
FR-9882;9882 BUJE TOPE MUELLE DELANTERO NKR Y NPR COMPLETO;79;55000
FR-9313H;9313H BUJE MUELLE HOJA CON CARCAZA PARA MITSUBISHI CANTER;80;10800
MT-7006AZ;7006AZ LIMPIABRISAS PARA MOTO AZUL;80;6450
MT-7025;7025 BUJE CAMPANA HONDA XR300;81;44900
FR-9938;9938 BUJE CABINA Ø56 X Ø12 X 52;81;18200
FR-9840;9840 BUJE AMORTIGUADOR UNIVERSAL OEM 368150;82;1900
FR-9959;9959 BUJE BARRA ESITABILIZADORA TRASERA MERCEDES ATEGO;83;12000
FR-9745;9745 BUJE BALANCINFORD RANGER MODELO 2015 LARGO;84;5450
FR-9863;9863 BUJE MUELLE CHANA PICK UP PARTE CHASIS;85;4650
FR-9750;9750 BUJE PARTE FIJA VIGO 23MM (BUJE ENSAMBLE 9739);86;4000
HR-M27D;HERRADURA MEDIANA DELANTERA 27-30;86;29100
FR-9992;9992 BUJE MUELLE CHEVROLET N300 EXTERNO 46mm;86;7200
FR-9744;9744  BUJE BALANCIN FORD RANGER CORTO 2015;87;4350
FR-5002A;5002A  BUJE SUPLEMETO AMORTIGUADOR TOYOTA HILUX VIGO Y TOYOTA TX Y TXL 38MM;88;42000
FR-5004;5004 BUJE SUPLEMENTO DE 100mm UNIVERSAL;90;33200
FR-9752;9752 BUJE BARRA ESTABILIZADORA MAZDA BT-50;91;5550
FR-9802;9802 BUJE MUELLE WILLYS;94;2000
FR-9801;9801 BUJE BARRA ESTABILIZADORA RENAULT DUSTER;95;4900
FR-9908;9908 BUJE BRAZO DELANTERO SUPERIOR NISSAN URVAN;95;30000
FR-9873;9873 BUJE AMORTIGUADOR TOYOTA TACOMA, RUNNER, VIGO;96;16550
MT-7000;7000 BUJE PULSAR 220, 180  Y 150;97;22900
FR-9743;9743 BUJE BARRA ESTABILIZADORA HINO GRANDE;98;27450
FR-9003;9003 BUJE TRAILER QUINTA RUEDA;99;38350
MT-7018;7018 BUJE KAWASAKI 650, 700, 800, 900 Y VERSY 1000;99;153900
FR-9006;9006 BUJE QUINTA RUEDA HOLLAND;99;35800
FR-9313HD;9313HD BUJE HOJA MUELLE HYUNDAHI HD 65, 72 Y 78;100;11000
FR-9864;9864 BUJE AMORTIGUADOR PARA FORD RANGER 2016,2018 Y 2021;100;17900
FR-9820;9820 BUJE TIJERA DE MAZDA B-2000;104;21350
FR-5000;5000 BUJE SUPLEMENTO PARA ESPIRAL  DE 90ML MEDIACAÑA;104;37100
FR-9717;9717 BUJE PARA TENSORA TRAILER ORINOCO GRANDE;106;48350
MT-7006FT;7006FT LIMPIABRISAS  PARA MOTO FOTOLUMINISCENTE;106;6450
TC-005;TACO HEXAGONAL 9/16 H20.5;107;10200
FR-9855;9855 BUJE AMORTIGUADOR UNIVERSAL OEM 368120;108;5100
FR-9862;9862 BUJE CILINDRICO CABINA 60 X 60 X 12;108;24200
FR-9978;9978 BUJE TORRE AMORTIGUADOR UNIVERSAL- PEQUEÑO;109;6500
FR-9735;9735 BUJE TIJERA MAZDA Y FORD RANGER BT-50 MOD 2008 - 2013;112;22200
MT-7006B;7006B LIMPIABRISAS PARA MOTO BEIGE;113;6450
HR-G31T;HERRADURA GRANDE TRASERA 31-33;114;35000
FR-9742;9742 BUJE BARRA ESTABILIZADORA HINO PEQUEÑO;116;27450
MT-7004-B;7004-B BUJ AKT EVO, APACHE 160, 180 Y 200 SOLO PARA CAMPANA;118;22900
MT-7020A;7020A BUJE PROTECTOR CAMBIOS MOTO AMARILLO;120;12900
MG-04;MANGO PARA ESCOFINA GRIS;121;18550
FR-9914;9914 BUJE BARRA TENSORA HYUNDAI STAREX 97..;121;12500
FR-9755;9755 BUJE MUELLE MERCEDES BENZ LO-814;122;13800
FR-9841;9841 BUJE BALANCIN LARGO TOYOTA HI-ACE;125;3000
FR-9907;9907 BUJE BARRA TENSORA TOYOTA HIACE (03-12);125;12200
FR-6000;6000 BUJE SUPLEMENTO DE CARGA PARA TOYOTA HILUX KIT X2;128;230000
FR-9988;9988 BUJE TOPE MUELLE HINO DUTRO;129;19500
FR-9363;9363 BUJE ESTABILIZADORA LAND CRUISER 4,5;130;7650
TC-001;TACO HEXAGONAL 1/2 H 17;135;8800
FR-9757;9757 BUJE BALANCIN N300 LARGO;136;4800
FR-5015;5015 SUPLEMENTO TRASERA TOYOTA COROLLA CROSS;136;33650
FR-9751;9751 BUJE BARRA ESTABILIZADORA FORD CARGO;140;19350
FR-9859;9859 BUJE AMORTIGUADOR DE 14MM Y 42MM;140;19100
FR-5002B;5002B  BUJE SUPLEMETO AMORTIGUADOR TOYOTA HILUX VIGO Y TOYOTA TX Y TXL 21MM;140;27500
FR-9913;9913 BUJE BARRA ESTABILIZADORA DELANTERA NPR REWARD, NKR REWARD NQR REWARD;142;11300
FR-9803;9803 BUJE MUELLE VERSION ESPECIAL LUV  40 X 16;143;8200
MT-7006VM;7006 VM LIMPIA BRISAS PARA MOTO VERDE MILITAR;147;6450
FR-9910;9910 BUJE ACOPLE ESTRELA PARA CAJA DE DIRECCION HYUNDAI ACCENT 2011, ELANTRA  - KIA RIO;147;8000
FR-9799;9799 BUJE TIJERA DE VOLKSWAGEN TIPO 4 PEQUEÑO;149;16550
FR-9766;9766 BUJE TIJERA SUPERIOR NISSAN FRONTIER;152;26000
FR-9960;9960 BUJE BARRA ESTABILIZADORA MERCEDES ATEGO;152;9200
MT-7000-B;7000-B BUJE PULSAR 220, 180 Y 150;155;22900
FR-9936;9936 BUJE TOPE MUELLE FORD RANGER BT-50 CORTO;155;32500
FR-9947;9947 BUJE BARRA ESTABILIZADORA DELANTERA SCANEA;157;19500
MT-7003;7003 BUJE GENERICO MOTO;158;2350
FR-9825;9825 BUJE TOPE AUXILIAR MUELLE HINO;158;29000
FR-9819;9819 BUJE MUESTRA IVECO;160;10200
FR-9925;9925 BUJE MUELLE PARTE FIJA KEYTON VAN;161;7900
FR-9780;9780 BUJE TIJERA INFERIOR D MAX 4X2;162;26450
FR-9767;9767 BUJE TOPE AUXILIAR MUELLE TOYOTA HAICE / JINBEI HAISE;163;26000
FR-9886;9886 BUIJE BARRA ESTABILIZADORA TOYOTA 4 RUNNER LAND CRUISER PRADO Y TOYOTA TX;169;9200
FR-9785;9785 BUJE CILINDRO 75 X 45 X 25;170;12200
FR-9351;9351 BUJE ESTABILIZADORA NISSAN FRONTIER;176;6550
TC-007;TACO HEXAGONAL 9/16 H30;176;10200
FR-9912;9912 BUJE BARRA ESRABILIZADORA DELANTERA NISSAN URVAN NV350 / E26;178;11900
FR-9884;9884 BUJE BARRA ESTABILIZADORA HYUNDAI H1 / SANTA FE / TUCSON / SONATA;179;9200
FR-9319;9319 BUJE LARGO DE MUELLE (HULE BALANCIN) PARA NISSAN PATROL SD 33 TRASERO;183;4800
MT-7006F;7006F LIMPIABRIASAS PARA MOTO FUCSIA;185;6450
FR-5001;5001 BUJE SUPLEMENTO DE AMORTIGUADOR UNIVERSAL;188;30650
FR-9877;9877 BUJE CONICO UNIVERSAL;188;5000
FR-9795;9795 BUJE MUELLE VOLKSWAGEN BENZ 515 GRANDE;191;27550
PL-001;PLANTILLA CON SOPORTE DE RANILLA;191;16350
FR-9853;9853 BUJE BARRA ESTABILIZADORA TOYOTA HILUX-4 RUNNER FORTUNER;191;11450
FR-9828;9828 BUJE BALANCIN HOJA TOYOTA HILUX VIGO 2013 31,50 EXT 19 INT;192;3550
FR-9609;9609 RB-410 BUJE MUELLE PARTE FIJA CHEVROLET LUV 2300;193;24350
TC-003;TACO HEXAGONAL 1/2 H22;193;8800
FR-9730;9730 BUJE NKR-NHR CHASIS;196;13100
FR-9817;9817 BUJE BARRA ESTABILIZADORA HINO FC CON PESTAÑA;197;27450
FR-9794;9794 BUJE MUELLE UAZ;198;6200
FR-9876;9876 BUJE BARRA ESTABILIZADORA TOYOTA COROLLA 2002.;200;10900
FR-9736;9736 BUJE MUELLE NISSAN NAVARA LARGO;201;5650
MT-7002-B;7002-B BUJE PULSAR NS 200, PULSAR 1, KTM 200 Y 390;201;22900
FR-5006;5006 BUJE SUPLEMENTO NISSAN FRONTIER NP 300;206;33200
FR-9965;9965 BUJE PARTE FIJA NISSAN DATSUN 720 D21 PATHFINDER - FRONTIER ISUZO TROOPER;206;5550
FR-9890;9890 BUJE BARRA ESTABILIZADORA DELANTERO CHEVROLET-SUZUKI VITARA-GRAND VITARA - SAMURAI;209;6900
FR-9360;9360 BUJE ESTABILIZADORA NISSAN D21;210;4800
FR-9927;9927 BUJE PUNTA BARRA ESTABILIZADORA NPR Ext. 28mm;211;1650
FR-9858;9858 BUJE AMORTIGUADOR DE 14MM Y 35MM;214;14800
FR-9749;9749 BUJE  SUAVISADOR DMAX;217;2200
FR-9796;9796 BUJE MUELLE VOLKSWAGUEN CRAFTER Y MERCEDES BEN PEQUEÑO;220;20800
FR-9788C;9788C BUJE BARRA ESTABILIZADORA CHINOS INT 20ML;220;5000
FR-9909;9909 BUJE BARRA ESTABILIZADORA HYUNDAI TERRACAN 2001-07;222;11100
FR-9787;9787 BUJE BARRA ESTABILIZADORA AVEO;224;5450
FR-9961;9961 BUJE  MUELLE CORTO NISSAN DATSUN 1200;226;6800
FR-9816;9816 BUJE BARRA ESTABILIZADORA LUV DMAX RT-50 2016;236;7550
FR-9808;9808 BUJE ESPECIAL LUV GRUESO EXT 39 INT 16;238;5900
MT-7006N;7006N LIMPIABRISAS PARA MOTO NARANJA;240;6450
FR-9726;9726 BUJE ESTABILIZADORA VIGO HIACE;245;8650
FR-9792;9792 BUJE VARILLA TENSORA MAZDA B2000;245;6200
FR-9922;9922 BUJE BARRA ESTABILIZADORA CHERY VAN CARGO- VAN PASS 2012;246;8900
FR-9865;9865 BUJE TOYOTA ESPECIAL 16 ML;261;5000
FR-9906;9906 BUJE BARRA ESTABILIZADORA TOYOTA PRADO 4 RUNNER CORAXI 02-08;263;11100
FR-9930;9930 BUJE BARRA ESTABILIZADORA DELANTERA HINO FC;266;14500
FR-9980;9980 BUJE TORRE AMORTIGUADOR UNIVERSAL - GRANDE;279;9200
FR-9786;9786 BUJE SUZUKI GRAND VITARA SZ;280;8200
FR-9732;9732 BUJE MUELLE TOYOTA MONJITA VENEZOLANA;281;7800
FR-9997;FR-9997 BUJE CONICO AMORTIGUADOR INT 16MM;281;2300
FR-9798;9798 BUJE DE TIJERA VOLKSWAGEN TIPO 4;282;27550
FR-9352;9352 BUJE ESTABILIZADORA NISSAN PATHFINDER MONTERO;285;6550
FR-9953;9953 BUJE BARRA ESTABILIZADORA NPR, NKR, NHR 35mm;291;12500
FR-9771;9771 BUJE BARRA ESTABILIZADORA CHEVROLET SPARK 724;292;5200
FR-9807;9807 BUJE BARRA ESTABILIZADORA NAVARA NEW FRONTIER;298;10350
FR-9760;9760 BUJE AMORTIGUADOR TOYOTA PRADO VIGO, TOYOTA HIACE;301;16550
FR-9763;9763 BUJE NISSAN MT 3000;305;7550
FR-9917;9917 BUJE BARRA ESTABILIZADORA TRASERA NISSAN FRONTIER NP300, NAVARA Y RENAULT ALASKAN;309;14500
FR-9318;9318 BUJE CORTO DE MUELLE PARA NISSAN URBAN, KIA PREGIO Y GRAND PREGIO;311;4000
FR-9880;9880 BUJE BARRA ESTABILIZADORA TOYOTA 22R 4X2 … 84;313;5550
FR-9738;9738 BUJE MUELLE PARTE FIJA MAZDA SERIE B (REFORZADO);321;4350
MGP-A;MANGO PUNTERA PARA ESCOFINA;321;5800
FR-9941;9941 BUJE MUELLE N300;324;7200
FR-9712;9712 BUJE PARTE FIJA HYUNDAI CON INTERNO;325;11000
FR-5008;5008 BUJE SUPLEMENTO FORD RANGER LIMITED 3,2 MOD 2020;326;33650
FR-9806;9806 BUJE BARRA TENSORA HYUNDAI H-106 GRACE Y STAREX / MITSUBISHI L300;329;9650
FR-9812;9812 BUJE BARRA ESTABILIZADORA VOLVO;341;11000
FR-9860;9860 BUJE PUNTA  BARRA ESTABILIZADORA NPR;346;3200
FR-9765;9765 BUJE TOPE AUXILIAR NPR / NHR / NKR;347;17200
FR-9713;9713 BUJE PARTE TENSORA TRAILER ORINOCO;354;14200
FR-9355;9355 BUJE ESTABILIZADORA LAND CRUISER BURBUJA;356;7650
FR-9791;9791 BUJE BARRA TENSORA LUV 2300/ TROOPER;357;8200
FR-9764;9764 BUJE BARRA ESTABILIZADORA NPR, NKR, NHR;359;11800
FR-9872;9872 BUJE BARRA ESTABILIZADORA HONDA CRV TRASERA;359;10900
FR-9849;9849 BUJE CARRETA UNIVERSAL;360;3100
FR-9929;9929 BUJE MUELLE PARTE CHASIS DFSK 1500;361;6100
FR-9747;9747 BUJE TOYOTA LAND CRUISER VENEZOLANA;368;6900
FR-9748;9748 BUJE SUAVISADOR HOJA ECUADOR;369;1900
FR-9885;9885 BUJE BARRA ESTABILIZADORA EJE DELANTERO FIAT Y MITSUBISHI L200;370;11450
FR-9921;9921 BUJE BARRA ESTABILIZADORA DELANTERA HYUNDAI COUNTY 4X2 2010 ………;376;10500
FR-9827;9827 BUJE BARRA ESTABILIZADORA MERCEDES BENZ;377;24100
FR-9800;9800 BUJE CAJA DE DIRECCION TOYOTA PRADO;379;19350
FR-9797;9797 BUJE PUNTA DE BARRA ESTABILIZADORA MERCEDES BENZ;387;1200
FR-9903;9903 BUJE MUELLE ESPECIAL 18,2 X 30 X 70;391;23200
FR-9636;9636 BUJE TIJERA SPRINT;400;3200
FR-9811;9811 BUJE SUVISADOR UNIVERSAL;405;2350
FR-9790;9790 BUJE MUELLE MAZDA BT-50;415;5450
FR-9834;9834 BUJE CAJA DE DIRECCION  RENAULT CLIO, SYMBOL Y MEGANE;422;5450
FR-9984;9984 BUJE FOTON (AUMARK) EXT 38.5;422;6300
FR-9002;9002 BUJE TRAILER INCA CONICO;433;11000
FR-9928;9928 9835 BUJE MUELLE 40mm X 18mm X 30mm (9836);441;4900
FR-5003;5003 BUJE  SUPLEMENTO MAZDA BT-50 Y LUV DMAX 4X2;448;33650
MT-7032;7032  BUJE KTM 200, 250, 390 NG Y CLASICA . DOMINAR 250 Y 400UG. SVARPILEN 200;468;30100
FR-9888;9888 BUJE MUELLE PARTE BALANCIN HAFEI CHINOS;488;4450
FR-9957;9957 BUJE TRASERO TOYOTA NEW HI ACE PREMIO GDH;491;9800
FR-9380;9380  BUJE MUELLE DELANTERO NPR ENSAMBLADO;493;14100
FR-9632N;9632N BUJE SUSPENSION PARA BARRA ESTABILIZADORA CON PESTAÑA NEGRO;498;1650
FR-9926;9926 BUJE BALANCIN PARTE BALANCIN KEYTON VAN;504;4800
FR-9773;9773 BUJE CHEVROLET / DFSK CITYVAN C37, C35 Y C31;512;4200
FR-9729;9729 BUJE MUELLE PARTE FIJA NISSAN FRONTIER 20mm;513;7650
FR-9809;9809 BUJE BARRA ESTABILIZADORA MERCEDES BENZ   LO 915;518;10350
FR-9852;9852 BUJE BARRA ESTABILIZADORA TOYOTA HILUX OEM:48815-0K040;519;9650
CAR9824-9826;EXT Ø INT 57 - Ø EXT 60 - ALTURA 40;521;4650
FR-9746;9746 BUJE BARRA TEMPLETE HINO;534;9000
FR-9842;9842 BUJE CHERY VAN 2020, CHERY PRACTIVAN;542;4800
FR-9918;9918 BUJE MUELLE HULE BALANCIN PARA MITSUBIHI L200 SPORTERO 2018 ….;545;3000
FR-9640;9640 BUJE BARRA ESTABILIZADORA LUV DMAX;546;6350
FR-9776;9776 BUJE BARRA ESTABILIZADORA HYUNDAI i10 Y KIA PICANTO;549;6900
FR-9871;9871 BUJE BARRA ESTABILIZADORA HONDA CRV DELANTERA;558;9200
FR-9848;9848 BUJE CONICO DE 14ML;561;1900
FR-9874;9874 BUJE BARRA ESTABILIZADORA MAZDA ALLEGRO TRASERA;563;8350
FR-9710;9710 BUJE AMORTIGUADOR DELANTERO TOYOTA NEW HILUX VIGO 2007;569;3450
FR-9725;9725 BUJE DAIHATSU F20 LARGO;585;4650
FR-9813;9813 BUJE  TENSORA VOLVO (JUEGO);586;8100
FR-9774;9774 BUJE BARRA TENSORA NISSAN PATROL;588;9000
FR-9741;9741 BUJE BALANCIN LARGO TOYOTA HIACE;604;3900
FR-9882R;9882R BUJE REPUESTO TOPE MUELLE DELANTERO NPR Y NKR;606;23350
FR-9879;9879 BUJE PARA BRAZO DIRECCION TOYOTA HILUX;606;2800
FR-9307;9307 BUJE MUELLE TOYOTA HILUX LARGO;612;3550
FR-9869;9869 BUJE BARRA ESTABILIZADORA MITSUBISHI LANCER GALANT;616;8350
FR-9629;9629 BUJE MUELLE HULE BALANCIN LARGO PARA MITSUBISHI MONTERO.;619;3000
FR-9775;9775 BUJE AMORTIGUADOR KENWORTH (CABINAS);619;9450
DE-1000;1000 BUJE TIJERA SALAMANDRA 3;642;1550
FR-9631;9631 BUJE AMORTIGUADOR DE 1 PARA MERCEDES BENZ;656;4000
FR-9721;9721 BUJE CHASIS NPR 39 mm (ENSAMBLADO);657;14100
FR-9866;9866 BUJE BARRA ESTABILIZADORA NISSAN PICKUP;683;7100
FR-9430 B;9430 B  BUJE MUÑECON SIN PESTAÑA;685;1300
FR-9829;9829 BUJE BARRA ESTABILIZADORA NISSAN CABSTAR Y MT 3000;690;4000
FR-9317;9317 BUJE DE MUELLE PARA NISSAN 620,720 TRASERO LISO PEQUEÑO;694;4350
FR-9784;9784 BUJE BARRA TENSORA CHEVROLET N300 / DFSK CITYVAN C37, C35 Y C31;697;5200
FR-9854;9854 BUJE CONICO AMORTIGUADOR UNIVERSAL OEM 327037;736;3900
AL-004;AL-004 ALARGADOR AMORTIGUADOR M10 X 1.25 ALTURA 44mm;754;8350
FR-9777;9777 BUJE BARRA ESTABILIZADORA HYUNDAI STAREX;755;9450
FR-9839;9839 BUJE SUAVIZADOR BOLIVIA;755;2550
MT-7006A;7006A  LIMPIABRISAS PARA MOTO AMARILLO;785;6450
FR-9789;9789 BUJE BARRA ESTABILIZADORA RENAULT SYMBOL;787;4800
FR-9955;9955 BUJE SUAVIZADOR TOYOTA HI ACE MODERNO;802;5500
FR-9823;9823 BUJE (JUEGO) DE BARRA ESTABILIZADORA TOYOTA PUNTA;810;6200
FR-9705;9705 BUJE MUELLE PARTE FIJA CHINOS;836;6900
FR-9759;9759 BUJE MUELLE DAIHATSU SUPER DELTA;842;6900
FR-9733;9733 BUJE MUELLE NISSAN SUPER URBAN LARGO;852;6350
FR-9430 A;9430 A BUJE CON  PESTAÑA;873;1300
FR-9793;9793 BUJE BALANCIN INFERIOR CHERY YOYO CORTO;886;3900
FR-9711;9711 BUJE PARTE FIJA DAIHATSU F-20 TODOS - CHEVROLET N400 Y  N300 MODELO NUEVO;921;4350
FR-9868;9868 BUJE BARRA ESTABILIZADORA CHEVROLET LUV 2300 4X2 4X4 TROOPER;928;5800
FR-9720;9720 BUJE PARTE FIJA FRONTIER GRUESO;939;8200
FR-9758;9758 BUJE MUELLE DAIHATSU DELTA;951;5550
FR-9778;9778 BUJE TOYOTA 4,5 PESTAÑA ANCHA;970;6900
FR-9709;9709 BUJE TEMPLETE PARA CHINOS TODAS LAS SERIES;995;3650
FR-9308;9308 BUJE DE MUELLE PARA SUZUKI ZAMURAI GRUESO;1008;5200
FR-9633;9633 BUJE COMPENSADOR AMORTIGUADOR UNIVERSAL MEDIANO;1008;1900
FR-9762;9762 BUJE CONICO AMORTIGUADOR NPR/NHR/NKR;1021;2550
FR-9329;9329 BUJE BARRA ESTABILIZADORA TOYOTA HILUX-LUV 2300;1030;4800
FR-5002;5002 BUJE SUPLEMETO AMORTIGUADOR TOYOTA HILUX VIGO Y TOYOTA TX Y TXL;1050;33650
FR-9734;9734 BUJE MUELLE NISSAN SUPER URBAN CORTO;1067;6000
FR-9628;9628 BUJE MUELLE HULE BALANCIN CORTO PARA MITSUBISHI MONTERO.;1068;3000
FR-9838;9838 BUJE MUELLE MITSUBISHI CANTER Y TOYOTA DYNA SOLO POLIURETANO;1072;7550
AL-002;AL-002 ALARGADOR AMORTIGUADOR M10 X 1,5;1082;8350
FR-9788;9788 BUJE BARRA ESTABILIZADORA CORSA;1095;4800
FR-9783;9783 BUJE CHEVROLET LUV ESPECIAL, FOTON Y JAC T6;1107;2800
FR-9704;9704 BUJE MUELLE CHEVROLET N200 CHANA CORTO;1125;2550
FR-9719;9719 BUJE FOTON (AUMARK);1138;5900
FR-9382;9382 BUJE MUELLE BALANCIN PARA TOYOTA LAND CRUISER;1168;2550
FR-9731;9731 BUJE MUELLE CHEVROLET N300 2015 Corto;1172;4000
FR-9724;9724 BUJE BALANCIN NISSAN FRONTIER;1176;5900
FR-9835;9835 BUJE MUELLE 40mm X 19mm X 30mm POR UNIDAD;1182;5900
AL-003;AL-003 ALARGADOR AMORTIGUADOR M10 X 1.25 ALTURA 58mm;1182;10100
FR-9701;9701 BUJE CHANA HAFEI SUSPENSION;1188;2650
FR-9805;9805 BUJE SUAVIZADOR CUADRADO PESTAÑA OVALADA;1204;2550
FR-9672;9672 BUJE MUELLE BALANCIN PARA NKR/NHR POLIURETANO;1205;6450
FR-9320;9320 BUJE DE MUELLE BALANCIN PARA NISSAN D-21 TODOS LOS MODELOS;1239;3550
FR-9430 C;9430 C BUJE CON FIGURA;1241;2800
FR-9314;9314 BUJE TIJERA BRAZO OXILANTE PARA CHEVROLET SPARK CHRONOS.;1259;3450
CB9829;CB9829 BUJE BARRA ESTABILIZADORA NISSAN CABSTAR Y MT 3000;1304;4000
FR-9889;9889 BUJES MUELLE VEHICULOS CHINOS;1372;5350
FR-9378;9378 BUJE AMORTIGUADOR TOYOTA UNIVERSAL;1461;2550
FR-9761;9761 BUJE AMORTIGUADOR CARRETA UNIVERSAL, PUNTA BARRA ESTABILIZADORA NHR;1595;2800
MT-7012;7012 BUJE YAMAHA R3 Y MT 03;1642;49300
FR-9892;9892 BUJE PARA BRAZO TENSOR DE DIRECCION TOYOTA HILUX -4 RUNNER INT 16;1650;2800
FR-9622;9622 BUJE MUELLE SUAVIZADOR UNIVERSAL;1713;2450
FR-9945;9945 BUJE TIJERA SUPERIOR HILUX 4X4 CORTO MOD 85-05;1758;24500
FR-9718;9718 BUJE BALANCIN FOTON CAMION;1792;4350
FR-9942;9942 BUJE SUAVIZADOR DE HOJA DE MUELLE TOYOTA HILUX VIGO 48250-OK010 CON ESPESOR DE 5ml;1806;2100
FR-9658;9658 BUJE MUELLE BALANCIN RB-414 SOLO POLIURETANO;1811;5650
FR-9312;9312 BUJE MUELLE BALANCIN MONTERO MITSUBISHI CORTO;1868;3000
FR-9891;9891 BUJE PALANCA DE CAMBIOS TOYOTA (MEDIDA ESPECIAL);1921;2200
FR-9301;9301 BUJE TORNILLO  AMORTIGUADOR Y ESTABILIZADORA TIPO UNIVERSAL SIN PESTAÑA;2004;1550
FR-9310;9310 BUJE PARTE FIJA NISSAN D/21/ CHEVROLET LUV1600;2050;5550
FR-9630;9630 BUJE INFERIOR BALANCIN MUELLE TRASERO MAZDA SERIE B;2126;3450
FR-9305;9305 BUJE DE MUELLE HULE BALANCIN PARA SUZUKI SAMURAI Y CARRY;2129;2650
FR-9313;9313 BUJE MUELLE PARA ISUZO NKR/MITSUBISHI CANTER DELANTERO/ TOYOTA DYNA;2193;5550
FR-9326;9326 BUJE MUELLE TOYOTA HILUX LARGO;2194;3550
FR-9810;9810  BUJE SILEN DE HOJA DE MUELLE;2426;2550
FR-9311;9311 BUJE MUELLE BALANCIN MONTERO MITSUBISHI LARGO;2463;3000
FR-9632;9632 BUJE SUSPENSION PARA BARRA ESTABILIZADORA CON PESTAÑA;2490;1800
FR-9316;9316 BUJE BALANCIN MUELLE PARA MITSUBISHI MONTERO, L200, MAZDA;2610;3550
FR-9956;9956 SUAVIZADOR MERCEDES ACCELO;2716;7500
FR-9875;9875 BUJE UNIVERSAL PARA AMORTIGUADOR;2840;1900
FR-9703;9703 BUJE TOYOTA HILUX VIGO 2007 CORTO;3021;2900
FR-9306;9306 BUJE MUELLE HULE BALANCIN PARA ISUZO NKR PARTE TRASERA;3188;5550
FR-9943;9943 BUJE SUAVIZADOR RECTANGULAR PESTAÑA OVALADA PARA HOJA MERCEDES BENZ;3687;5800
FR-9634;9634 BUJE CONICO PARA AMORTIGUADOR MEDIANO ATOS;4060;1900
FR-9702;9702 BUJE TOYOTA NEW HILUX VIGO 2007 LARGO;4106;3650
FR-9715;9715 BUJE SUAVIZADOR GRANDE;4663;2650
FR-9878;9878 BUJE PARA BRAZO TENSOR DE DIRECCION TOYOTA HILUX - 4 RUNNER;5062;3900
FR-9309;9309 BUJE MUELLE HULE DE BALANCIN PARA TOYOTA LAND CRUISER;6105;5900
AL-001;AL-001 ALARGADOR AMORTIGUADOR M10 X 1,25;12595;8350
FR-9304;9304 BUJE DE MUELLE BALANCIN PARA CHEVROLET LUV;19129;2200
FR-9303;9303 BUJE MUELLE PARA TOYOTA LAND CRUISER DELANTERO Y TRASERO;20444;4350
