Excel Name,System Code,Confidence
368120 368120 BUJE POLIURETANO DE CARRETA AMORTIGU,NOT FOUND,0.0
368121 368121 BUJE POLIURETANO DE CARRETA UNIVERSA,NOT FOUND,0.0
368150 368150  BUJE POLIURETANO CONICO AMORTIGUADO,NOT FOUND,0.0
"AL-001 AL-001 ALARGADOR AMORTIGUADOR M10 X 1,25",NOT FOUND,0.0
"AL-002 AL-002 ALARGADOR AMORTIGUADOR M10 X 1,5",NOT FOUND,0.0
AL-003 AL-003 ALARGADOR AMORTIGUADOR M10 X 1.25 AL,NOT FOUND,0.0
AL-004 AL-004 ALARGADOR AMORTIGUADOR M10 X 1.25 AL,NOT FOUND,0.0
BF-9735 BUJE TIJERA MAZDA BT-50,NOT FOUND,0.0
BL-033 BL-033 KIT BALANCIN DOBLE FUNCIÓN TOYOTA RE,NOT FOUND,0.0
BLA-001 BLA-001 BALANCIN VIGO LARGO CON BUJES,NOT FOUND,0.0
BLA-002 BLA-002 BALANCIN VIGO CORTO CON BUJES,NOT FOUND,0.0
BLA-003 BLA-003 BALANCIN NISSAN D-21 70mm,NOT FOUND,0.0
BLA-004 BLA-004 BALANCIN NISSAN D-21 95mm,NOT FOUND,0.0
BLA-005 BLA-005 BALANCIN MAZDA B2000 SEMILARGO,NOT FOUND,0.0
BLA-006 BLA-006 BALANCIN REVO CORTO,NOT FOUND,0.0
BLA-007 BLA-007 BALANCIN REVO LARGO CON BUJES,NOT FOUND,0.0
"BLA-008 BLA-008  BALANCIN TOYOTA 4,5 85mm",NOT FOUND,0.0
BLA-009 BLA-009 BALANCIN MAZDA B2000,NOT FOUND,0.0
BLA-010 BLA-010 BALANCIN CHEVROLET LUV 2300 90 mm,NOT FOUND,0.0
BLA-011 BLA-011 BALANCIN CHEVROLET LUV 2300 120mm,NOT FOUND,0.0
BSLA-001 BSLA-001 BALANCIN,NOT FOUND,0.0
BSLA-002 BSLA-002 BALANCIN,NOT FOUND,0.0
BSLA-003 BSLA-003 BALANCIN NISSAN D21-70 mm -SIN S,NOT FOUND,0.0
BSLA-004 BSLA-004 BALANCIN,NOT FOUND,0.0
BSLA-005 BSLA-005 BALANCIN  MAZDA B2000 SEMILARGO,NOT FOUND,0.0
BSLA-006 BSLA-006 BALANCIN,NOT FOUND,0.0
BSLA-007 BSLA-007 BALANCIN,NOT FOUND,0.0
BSLA-008 BSLA-008 BALANCIN,NOT FOUND,0.0
BSLA-009 BSLA-009 BALANCIN MAZDA B2000 (6040) - SI,NOT FOUND,0.0
BSLA-010 BSLA-010 BALANCIN,NOT FOUND,0.0
BSLA-011 BSLA-011  BALANCIN,NOT FOUND,0.0
BSLA-012 BSLA-012 BALANCIN NISSAN FRONTIER - SIN S,NOT FOUND,0.0
BSLA-013 BSLA-013 BALANCIN KIA PREGIO/ H1 /GRAND S,NOT FOUND,0.0
BSLA-014 BSLA-014 BALANCIN,NOT FOUND,0.0
BSLA-015 BSLA-015 BALANCIN,NOT FOUND,0.0
BSLA-016 BSLA-016 BALANCIN WULING / N200 / DFM,NOT FOUND,0.0
BSLA-017 BSLA-017 BALANCIN SUZUKI / HAFEI / DAMAS ,NOT FOUND,0.0
BSLA-018 BSLA-018 BALANCIN,NOT FOUND,0.0
BSLA-019 BSLA-019 BALANCIN,NOT FOUND,0.0
BSLA-020 BSLA-020 BALANCIN,NOT FOUND,0.0
"BSLA-021 BSLA-021 BALANCIN  BALANCIN TOYOTA 4,5 11",NOT FOUND,0.0
"BSLA-022 BSLA-022 BALANCIN TOYOTA 4,5 140mm",NOT FOUND,0.0
BSLA-023 BSLA-023 BALANCIN,NOT FOUND,0.0
BSLA-024 BSLA-024 BALANCIN,NOT FOUND,0.0
"BSLA-026 BSLA-026 BALANCIN TOYOTA 4,5 DE 140mm (ME",NOT FOUND,0.0
BSLA-027 BSLA-027 BALANCIN,NOT FOUND,0.0
BSLA-028 BSLA-028 BALANCIN DAIHATSU F20,NOT FOUND,0.0
BSLA-029 BSLA-029 BALANCIN CHEVROLET N300,NOT FOUND,0.0
BSLA-031 BSLA-031  BALANCIN SUZUKI / HAFEI / DAMAS,NOT FOUND,0.0
BSLA-032 BSLA-032 BALANCIN SUZUKI / HAFEI / DAMAS ,NOT FOUND,0.0
BSLA-036 BSLA-036 BALANCIN,NOT FOUND,0.0
BSLA-040 BSLA-040 BALANCIN SUZUKI 120 mm (MEDIA LU,NOT FOUND,0.0
BSLA-041 BSLA-041 BALANCIN CHEVROLET LUV 2300 - 12,NOT FOUND,0.0
BSLA-042 BSLA-042 BALANCIN CHEVROLET LUV 2300 - 14,NOT FOUND,0.0
BSLA-043 BSLA-043 BALANCIN NISSAN FRONTIER120mm (M,NOT FOUND,0.0
BSLA-044 BSLA-044 BALANCIN,NOT FOUND,0.0
BSLA-045 BSLA-045 BALANCIN,NOT FOUND,0.0
BSLA-047 BSLA-047 BALANCIN MONTERO / H100 / STAREX,NOT FOUND,0.0
CAR9380-9721-9739-9920 CARCAZA EXTERIOR NPR 40MM,9380,0.8
CAR9609 BUJE EXTERNO RB 410,NOT FOUND,0.0
CAR9722-9723 CARCAZA EXTERNA 413-440,NOT FOUND,0.0
CAR9740 CARCAZA TIJERA DE LUV 9740,NOT FOUND,0.0
CAR9760 CARCAZA ENSAMBLE 9760,NOT FOUND,0.0
CAR9780 CARCAZA PARA ENSAMBLE 9780,NOT FOUND,0.0
CAR9858 CARCAZA PARA ENSAMBLE 9858 EXT 35,NOT FOUND,0.0
CAR9859 CARCAZA PARA ENSAMBLE 9859,NOT FOUND,0.0
CAR9920 CARCAZA PARA ENSAMBLE 9920,NOT FOUND,0.0
CB9306HDR BUJE POLIURETANO PARA ENSAMBLE 9306HDR,9306HDR,0.8
CB9380 BUJE POLIRETANO PARA ENSAMBLE 9380,NOT FOUND,0.0
CB9721 BUJE PARA ENSAMBLE 9721,NOT FOUND,0.0
CB9727 BUJE PARA ENSAMBLE 9727,NOT FOUND,0.0
CB9735 BUJE POLIURETANO PARA ENSAMBLE BT-50 9735,NOT FOUND,0.0
CB9740 BUJE POLIURETANO PARA ENSAMBLE 9740,NOT FOUND,0.0
CB9760 BUJE POLIURETANO PARA ENSAMBLE 9760,NOT FOUND,0.0
CB9766 BUJE POLIURETANO PARA ENSAMBLE 9766,NOT FOUND,0.0
CB9779 BUJE POLIURETANO  PARA ENSAMBLAR 9779,NOT FOUND,0.0
CB9780 BUJE POLIURETANO  PARA ENSAMBLE 9780,NOT FOUND,0.0
CB9782 BUJE POLIURETANO PARA ENSAMBLE 9782,NOT FOUND,0.0
CB9795 BUJE PARA ENSAMBLE 9795,NOT FOUND,0.0
CB9796 BUJE PARA ENSAMBLE 9796,NOT FOUND,0.0
CB9813 BUJE BARRA TENSORA VOLVO 9813,NOT FOUND,0.0
CB9814 BUJE PARA ENSAMBLE 9814,NOT FOUND,0.0
CB9820 BUJE PARA ENSAMBLE 9820,NOT FOUND,0.0
CB9821 BUJE PARA ENSAMBLE 9821,NOT FOUND,0.0
CB9823 BUJE PARA ENSAMBLE 9823,NOT FOUND,0.0
CB9824 BUJE PARA ENSAMBLE 9824 ESCOPETA DE TOYOTA ,NOT FOUND,0.0
CB9826 BUJE PARA ENSAMBLE 9826 ESCOPETA DE TOYOTA ,NOT FOUND,0.0
CB9829 CB9829 BUJE BARRA ESTABILIZADORA NISSAN CAB,NOT FOUND,0.0
CB9830 BUJE PARA ENSAMBLE 9830,NOT FOUND,0.0
CB9831 BUJE PARA ENSAMBLE 9831,NOT FOUND,0.0
CB9834 BUJE PARA ENSAMBLE 9834,NOT FOUND,0.0
CB9837 BUJE PARA ENSAMBLE 9837 (BUJES MUÑECO ATOS),NOT FOUND,0.0
CB9851 BUJE PARA ENSAMBLE 9851 COUNTY,NOT FOUND,0.0
CB9858 BUJE PARA ENSAMBLE 9858,NOT FOUND,0.0
CB9859 BUJE PARA ENSAMBLE 9859,NOT FOUND,0.0
CB9861 BUJE PARA ENSAMBLE 9861,NOT FOUND,0.0
CB9867 BUJE PARA ENSAMBLE 9867 (9928),NOT FOUND,0.0
CB9873 BUJE POLIURETANO PARA ENSAMBLE 9873,NOT FOUND,0.0
CB9881B BUJE PARA 9881 BLANCO,NOT FOUND,0.0
CB9881N BUJE PARA 9881 NEGRO,NOT FOUND,0.0
CB9881V BUJE PARA 9881 VERDE CON PESTAÑA,NOT FOUND,0.0
CB9893 BUJE PARA ENSAMBLE 9893,NOT FOUND,0.0
CB9908 BUJE POLIURETANO ENSAMBLE 9908,NOT FOUND,0.0
CB9920 BUJE POLIURETANO PARA ENSAMBLE 9920,NOT FOUND,0.0
CB9923 9923 BUJE PARA ENSAMBLE 9923,NOT FOUND,0.0
CB9930 BUJE POLIURETANO ENSAMBLE 9930,NOT FOUND,0.0
CB9931 BUJE POLIURETANO ENSAMBLE 9931,NOT FOUND,0.0
CB9933 BUJE POLIURETANO ENSAMBLE 9933,NOT FOUND,0.0
CB9934 BUJE PARA ENSAMBLE 9934,NOT FOUND,0.0
CB9935 BUJE PARA ENSAMBLE 9935 ( templador de la s,NOT FOUND,0.0
CB9945 BUJE POLIURETANO ENSAMBLE 9945,NOT FOUND,0.0
CB9946 BUJE POLIURETANO PARA ENSAMBLE 9946,NOT FOUND,0.0
CB-9949 BUJE PARA ENSAMBLE  MUELLE VOLKSWAGEN AMAR,NOT FOUND,0.0
CB9959 BUJE POLIURETANO PARA ENSAMBLE 9959,NOT FOUND,0.0
CIM-007 BUJE PARA ENSAMBLE 97079,NOT FOUND,0.0
CIM93006HDR BUJE PARA ENSAMBLE 93006HDR,93006HDR,0.8
CIM93080 BUJE POLIURETANO PARA ENSAMBLE 93080,NOT FOUND,0.0
CIM97027 BUJE POLIURETANO PARA ENSAMBLE 97027,NOT FOUND,0.0
CIM97035 BUJE PARA ENSAMBLE 97035,NOT FOUND,0.0
CIM97039 BUJE POLIURETANO PARA ENSAMBLE 97039,NOT FOUND,0.0
CIM97040 BUJE POLIURETANO PARA ENSAMBLE 97040,NOT FOUND,0.0
CIM97060 BUJE PARA ENSAMBLE 97060,NOT FOUND,0.0
CIM97066 BUJE POLIURETANO PARA ENSAMBLE  97066,NOT FOUND,0.0
CIM97079 BUJE POLIURETANO PARA ENSAMBLE 97079,NOT FOUND,0.0
CIM97080 BUJE POLIURETANO PARA ENSAMBLE 97080,NOT FOUND,0.0
CIM98020 BUJE PARA ENSAMBLE 98020,NOT FOUND,0.0
CM7001 BUJE PARA ENSAMBLE 7001,NOT FOUND,0.0
CM7002SPA BUJE MT PARA ENSAMBLE 7002-SPA,7002-SP-B,0.8
CM7005 BUJE MT PARA ENSAMBLE 7005,7005-B,0.8
CM7005B BUJE PARA ENSAMBLE MT-7005-B,NOT FOUND,0.0
CM7008 BUJE MT PARA ENSAMBLE 7008,7008-B,0.8
CM7008B BUJE MT PARA ENSAMBLE 7008 BLANCO,NOT FOUND,0.0
CM7009 BUJE MT PARA ENSAMBLE 7009,7009-B,0.8
CM7009B BUJE PARA ENSAMBLE 7009 BLANCO,NOT FOUND,0.0
CM7010 BUJE MT PARA ENSAMBLE 7010,NOT FOUND,0.0
CM7011 BUJE MT PARA ENSAMBLE 7011,7011-B,0.8
CM7011B BUJE PARA ENSAMBLE MT 7011-B,NOT FOUND,0.0
CM7012 BUJE MT PARA ENSAMBLE 7012,NOT FOUND,0.0
CM7013 BUJE MT PARA ENSAMBLE 7013,7013-B,0.8
CM7013B BUJE PARA ENSAMBLE 7013 BLANCO,NOT FOUND,0.0
CM7014 BUJE MT PARA ENSAMBLE 7014,NOT FOUND,0.0
CM7015 BUJE PARA ENSAMBLE 7015,NOT FOUND,0.0
CM7016 BUJE PARA ENSAMBLE MT-7016,NOT FOUND,0.0
CM7017 BUJE PARA ENSAMBLE 7017,NOT FOUND,0.0
CM7018 BUJE PARA ENSAMBLE MT-7018,NOT FOUND,0.0
CM7019 BUJE PARA ENSAMBLE 7019,NOT FOUND,0.0
CM7021 BUJE PARA ENSAMBLE 7021,NOT FOUND,0.0
CM7022 BUJE PARA EMSAMBLE 7022,NOT FOUND,0.0
CM7023 BUJE PARA ENSAMBLE 7023,NOT FOUND,0.0
CM7024 BUJE PARA ENSAMBLE 7024,NOT FOUND,0.0
CM7025 BUJE PARA ENSAMBLE 7025,NOT FOUND,0.0
CM7029 BUJE PARA ENSAMBLE 7029,NOT FOUND,0.0
CM7030 BUJE MT PARA ENSAMBLE 7030,NOT FOUND,0.0
CM7032 BUJE MT PARA ENSAMBLE 7032,NOT FOUND,0.0
DE-1000 1000 BUJE TIJERA SALAMANDRA 3,NOT FOUND,0.0
FR-5000 5000 BUJE SUPLEMENTO PARA ESPIRAL  DE 90ML,NOT FOUND,0.0
FR-5001 5001 BUJE SUPLEMENTO DE AMORTIGUADOR UNIVE,7001,0.8
FR-5002 5002 BUJE SUPLEMETO AMORTIGUADOR TOYOTA HI,KIT-03-5002,0.95
FR-5002A 5002A  BUJE SUPLEMETO AMORTIGUADOR TOYOTA,NOT FOUND,0.0
FR-5002B 5002B  BUJE SUPLEMETO AMORTIGUADOR TOYOTA,NOT FOUND,0.0
FR-5003 5003 BUJE  SUPLEMENTO MAZDA BT-50 Y LUV DM,KIT-02-5003,0.95
FR-5004 5004 BUJE SUPLEMENTO DE 100mm UNIVERSAL,NOT FOUND,0.0
FR-5005 5005 BUJE SUPLEMENTO DELANTERO Y TRASERO S,7005,0.8
FR-5006 5006 BUJE SUPLEMENTO NISSAN FRONTIER NP 30,KIT-04-5006,0.95
FR-5008 5008 BUJE SUPLEMENTO FORD RANGER LIMITED 3,7008,0.8
FR-5009 5009 BUJE SUPLEMETO ELEVACION FORD 150,7009,0.8
FR-5014 5014 BUJE SUPLEMENTO AMORTIGUADOR TOYOTA_x,7014,0.8
FR-5015 5015 SUPLEMENTO TRASERA TOYOTA COROLLA CRO,7015,0.8
FR-6000 6000 BUJE SUPLEMENTO DE CARGA PARA TOYOTA ,NOT FOUND,0.0
FR-6000R 6000R BUJE SUPLEMENTO DE CARGA PARA TOYOT,NOT FOUND,0.0
FR-9001 9001 BUJE CONICO TRAILER GRANDE,9401,0.8
FR-9002 9002 BUJE TRAILER INCA CONICO,9402,0.8
FR-9003 9003 BUJE TRAILER QUINTA RUEDA,9403,0.8
FR-9004 9004 BUJE QUINTA RUEDA HOLAND HUECO PEQUEÑ,9404,0.8
FR-9006 9006 BUJE QUINTA RUEDA HOLLAND,97006,0.8
FR-9007 9007 BUJE PARA BARRA DE TORSION OEM 44695,FR-9007,0.95
FR-9008 9008 BUJE CORBATIN PARA BARRA DE TORSION 4,9408,0.8
FR-9301 9301 BUJE TORNILLO  AMORTIGUADOR Y ESTABIL,93013H,0.95
FR-9302 9302 BUJE PARA TORNILLO DE BARRA ESTABILIZ,93022,0.95
FR-9303 9303 BUJE MUELLE PARA TOYOTA LAND CRUISER ,93013H,0.8
FR-9304 9304 BUJE DE MUELLE BALANCIN PARA CHEVROLE,9830,0.8
FR-9305 9305 BUJE DE MUELLE HULE BALANCIN PARA SUZ,9835,0.8
FR-9306 9306 BUJE MUELLE HULE BALANCIN PARA ISUZO ,9306HDR,0.95
FR-9306HD 9306HD BUJE MUELLE HOJA NKR CON BUJE INT,9306HD,1.0
FR-9306HDR 9306HDR BUJE MUELLE NKR CARCAZA Y BUJE ,9306HDR,1.0
FR-9307 9307 BUJE MUELLE TOYOTA HILUX LARGO,9837,0.8
FR-9308 9308 BUJE DE MUELLE PARA SUZUKI ZAMURAI GR,93080,0.95
FR-9309 9309 BUJE MUELLE HULE DE BALANCIN PARA TOY,9830,0.8
FR-9310 9310 BUJE PARTE FIJA NISSAN D/21/ CHEVROLE,9831,0.8
FR-9311 9311 BUJE MUELLE BALANCIN MONTERO MITSUBIS,9831,0.8
FR-9312 9312 BUJE MUELLE BALANCIN MONTERO MITSUBIS,9831,0.8
FR-9313 9313 BUJE MUELLE PARA ISUZO NKR/MITSUBISHI,FR-9313H,0.95
FR-9313H 9313H BUJE MUELLE HOJA CON CARCAZA PARA M,9313H,1.0
"FR-9313HD 9313HD BUJE HOJA MUELLE HYUNDAHI HD 65, ",9313HD,1.0
FR-9314 9314 BUJE TIJERA BRAZO OXILANTE PARA CHEVR,9831,0.8
FR-9316 9316 BUJE BALANCIN MUELLE PARA MITSUBISHI ,9916,0.8
"FR-9317 9317 BUJE DE MUELLE PARA NISSAN 620,720 TR",9837,0.8
FR-9318 9318 BUJE CORTO DE MUELLE PARA NISSAN URBA,9831,0.8
FR-9319 9319 BUJE LARGO DE MUELLE (HULE BALANCIN) ,9831,0.8
FR-9320 9320 BUJE DE MUELLE BALANCIN PARA NISSAN D,9830,0.8
FR-9322 9322 BUJE MUELLE CON CARCAZA PARA ISUZ,9322,1.0
FR-9326 9326 BUJE MUELLE TOYOTA HILUX LARGO,9836,0.8
FR-9329 9329 BUJE BARRA ESTABILIZADORA TOYOTA HILU,9829,0.8
FR-9351 9351 BUJE ESTABILIZADORA NISSAN FRONTIER,9851,0.8
FR-9352 9352 BUJE ESTABILIZADORA NISSAN PATHFINDER,9835,0.8
FR-9355 9355 BUJE ESTABILIZADORA LAND CRUISER BURB,9835,0.8
FR-9360 9360 BUJE ESTABILIZADORA NISSAN D21,9836,0.8
"FR-9363 9363 BUJE ESTABILIZADORA LAND CRUISER 4,5",9836,0.8
FR-9378 9378 BUJE AMORTIGUADOR TOYOTA UNIVERSAL,9837,0.8
FR-9380 9380  BUJE MUELLE DELANTERO NPR ENSAMBLADO,9380,1.0
FR-9382 9382 BUJE MUELLE BALANCIN PARA TOYOTA LAND,9882,0.8
FR-9401 9401 BUJE CHEVROLET LUV 1600; 2000; 2300,9401,1.0
FR-9402 9402 BUJE  CHEVROLET LUV 1600,9402,1.0
FR-9403 9403 BUJE CHEVROLET SAMURAI,9403,1.0
FR-9404 9404 BUJE CHEVROLET SAMURAI,9404,1.0
FR-9405 9405 BUJE  OEM GJ2134158/54718-43000 CHEVR,9405,1.0
FR-9406 9406 BUJE OEM 111072881 CHEVROLET CHEVETTE,9406,1.0
"FR-9407 9407 BUJE DAEWOO RACER ESPERO, CIELO",9407,1.0
FR-9408 9408 BUJE OEM JI2134158/8AG1-34100 MAZDA 6,9408,1.0
FR-9409 9409 BUJE TORNILLO BARRA ESTABILIZADORA PA,9409,1.0
FR-9410 9410 BUJE TORNILLO BARRA ESTABILIZADORA MA,9410,1.0
"FR-9411 9411 BUJE MAZDA B1600, B2000,B2200",9411,1.0
FR-9412 9412 BUJE  CAMPERO GENERICO,9412,1.0
FR-9413 9413 BUJE CAMPEROS GENERICO,9413,1.0
FR-9414 9414 BUJE MITSUBISHI V6 3000,9414,1.0
"FR-9415 9415 BUJE TOYOTA LAND CRUISER 4,5L",9415,1.0
FR-9416 9416 BUJE  CAMPERO GENERICO,9416,1.0
FR-9417 9417 BUJE CAMPEROS GENERICO,9417,1.0
FR-9418 9418 BUJE TORNILLO BARRA ESTABILIZADORA MA,9418,1.0
FR-9419 9419 BUJE TORNILLO ESTABILIZADOR 5 1/2 SEP,9419,1.0
"FR-9420 9420 BUJE TOYOTA HILUX 2WD,4WD, RUNNER",9420,1.0
FR-9421 9421 BUJE TORNILLO ESTABILIZADOR MAZDA 323,9421,1.0
FR-9422 9422 BUJE MUÑECO MITSUBISHI MONTERO,9422,1.0
"FR-9423 9423 BUJE MUÑECO HYUNDAI ACCENT 5/16 ,  5 ",9423,1.0
FR-9430 9430 BUJE  MUÑECO RENAULT CLIO Y SYMBOL,9430,1.0
FR-9430 A 9430 A BUJE CON  PESTAÑA,9430,0.8
FR-9430 B 9430 B  BUJE MUÑECON SIN PESTAÑA,9430,0.8
FR-9430 C 9430 C BUJE CON FIGURA,9430,0.8
FR-9431 9431 BUJE TORNILLO BARRA ESTABILIZADORA TI,9431,1.0
"FR-9450 9450 BUJE MAZDA B1600, B2000, B2200",9450,1.0
FR-9451 9451 BUJE CAMPERO GENERICO,9451,1.0
FR-9452 9452 BUJE CAMPEROS GENERICO,9452,1.0
FR-9453 9453 BUJE MITSUBISHI V6 3000,9453,1.0
FR-9454 9454 BUJE TORNILLO BARRA ESTABILIZADORA MA,9454,1.0
FR-9455 9455 BUJE MUÑECO MITSUBISHI MONTERO,9455,1.0
"FR-9456 9456 BUJE TOYOTA HILUX 2WD,4WD, RUNNER",9456,1.0
FR-9457 9457 BUJE CAMPERO GENERICO,9457,1.0
FR-9458 9458 BUJE CHEVROLET SAMURAI,9858,0.8
FR-9459 9459 BUJE CHEVROLET SAMURAI,9859,0.8
FR-9460 9460 BUJE OME GJ2134158/54718-43000 CHEVRO,9460,1.0
"FR-9461 9461 BUJE OEM 11072881 CHEVROLET CHEVETTE,",9461,1.0
"FR-9462 9462 BUJE OEM 11087522 DAEWOO RACER, ESPER",9462,1.0
FR-9463 9463 BUJE OEM JI2134158/8AG1-34100 MAZDA 6,9467,0.8
FR-9464 9464 BUJE TORNILLO BARRA ESTABILIZADORA MA,9464,1.0
"FR-9465 9465 BUJE TOYOTA LAND CRUISER 4,5L",9845,0.8
FR-9466 9466 BUJE CAMPEROS GENERICO,9766,0.8
FR-9467 9467 BUJE TORNILLO ESTABILIZADOR NISSAN DA,9467,1.0
"FR-9468 9468 BUJE MUÑECO HYUNDAI ACCENT 5/16, 5 1/",9467,0.8
FR-9469 9469 BUJE TORNILLO PARA BARRA ESTABILIZADO,9467,0.8
FR-9609 9609 RB-410 BUJE MUELLE PARTE FIJA CHEVROL,9760,0.8
FR-9622 9622 BUJE MUELLE SUAVIZADOR UNIVERSAL,9462,0.8
FR-9628 9628 BUJE MUELLE HULE BALANCIN CORTO PARA ,9462,0.8
FR-9629 9629 BUJE MUELLE HULE BALANCIN LARGO PARA ,9829,0.8
FR-9630 9630 BUJE INFERIOR BALANCIN MUELLE TRASERO,9830,0.8
FR-9631 9631 BUJE AMORTIGUADOR DE 1 PARA MERCEDES ,9861,0.8
FR-9632 9632 BUJE SUSPENSION PARA BARRA ESTABILIZA,9462,0.8
FR-9632N 9632N BUJE SUSPENSION PARA BARRA ESTABILI,NOT FOUND,0.0
FR-9633 9633 BUJE COMPENSADOR AMORTIGUADOR UNIVERS,NOT FOUND,0.0
FR-9634 9634 BUJE CONICO PARA AMORTIGUADOR MEDIANO,9864,0.8
FR-9636 9636 BUJE TIJERA SPRINT,9836,0.8
FR-9640 9640 BUJE BARRA ESTABILIZADORA LUV DMAX,9864,0.8
FR-9658 9658 BUJE MUELLE BALANCIN RB-414 SOLO POLI,9858,0.8
FR-9672 9672 BUJE MUELLE BALANCIN PARA NKR/NHR POL,9782,0.8
FR-9701 9701 BUJE CHANA HAFEI SUSPENSION,97012,0.95
FR-9702 9702 BUJE TOYOTA NEW HILUX VIGO 2007 LARGO,97021,0.95
FR-9703 9703 BUJE TOYOTA HILUX VIGO 2007 CORTO,97039,0.95
FR-9704 9704 BUJE MUELLE CHEVROLET N200 CHANA CORT,97040,0.95
FR-9705 9705 BUJE MUELLE PARTE FIJA CHINOS,97035,0.8
FR-9706 9706 BUJE BALANCIN DELANTERO HYUNDAI ENSAM,9706,1.0
FR-9707 9707 BUJE BALANCIN HYUNDAI CONTY ENSAMBLAD,9707,1.0
FR-9708 9708 BUJE BALANCIN MUELLE DAIHATSU F-20,97080,0.95
FR-97089 97089 BUJE BARRA ESTABILIZADORA RENAULT S,97080,0.8
FR-9709 9709 BUJE TEMPLETE PARA CHINOS TODAS LAS S,97079,0.8
FR-9710 9710 BUJE AMORTIGUADOR DELANTERO TOYOTA NE,9780,0.8
FR-9711 9711 BUJE PARTE FIJA DAIHATSU F-20 TODOS -,9721,0.8
FR-9712 9712 BUJE PARTE FIJA HYUNDAI CON INTERNO,9712,1.0
FR-9713 9713 BUJE PARTE TENSORA TRAILER ORINOCO,9873,0.8
FR-9714 9714 BUJE SUAVIZADOR MEDIANO,9814,0.8
FR-9715 9715 BUJE SUAVIZADOR GRANDE,9815,0.8
FR-9716 9716 BUJE SUAVIZADOR PEQUEÑO,9916,0.8
FR-9717 9717 BUJE PARA TENSORA TRAILER ORINOCO GRA,9779,0.8
FR-9718 9718 BUJE BALANCIN FOTON CAMION,9782,0.8
FR-9719 9719 BUJE FOTON (AUMARK),9796,0.8
FR-9720 9720 BUJE PARTE FIJA FRONTIER GRUESO,9820,0.8
FR-9721 9721 BUJE CHASIS NPR 39 mm (ENSAMBLADO),9721,1.0
FR-9722 9722 RB 413 BUJE PARTE FIJA NPR 2011,9782,0.8
FR-9723 9723 RB 440 BUJE PARTE FIJA NPR 2011,9873,0.8
FR-9724 9724 BUJE BALANCIN NISSAN FRONTIER,9782,0.8
FR-9725 9725 BUJE DAIHATSU F20 LARGO,9795,0.8
FR-9726 9726 BUJE ESTABILIZADORA VIGO HIACE,9796,0.8
FR-9727 9727 BUJE TIJERA INFERIOR PEQUEÑO NISSAN T,9727,1.0
FR-9728 9728 BUJE NPR TAPAS,9782,0.8
FR-9729 9729 BUJE MUELLE PARTE FIJA NISSAN FRONTIE,9829,0.8
FR-9730 9730 BUJE NKR-NHR CHASIS,9873,0.8
FR-9731 9731 BUJE MUELLE CHEVROLET N300 2015 Corto,9873,0.8
FR-9732 9732 BUJE MUELLE TOYOTA MONJITA VENEZOLANA,9873,0.8
FR-9733 9733 BUJE MUELLE NISSAN SUPER URBAN LARGO,9873,0.8
FR-9734 9734 BUJE MUELLE NISSAN SUPER URBAN CORTO,9873,0.8
FR-9735 9735 BUJE TIJERA MAZDA Y FORD RANGER BT-50,9735,1.0
FR-9736 9736 BUJE MUELLE NISSAN NAVARA LARGO,9873,0.8
FR-9737 9737 BUJE SUAVIZADOR MERCEDES BENZ,9873,0.8
FR-9738 9738 BUJE MUELLE PARTE FIJA MAZDA SERIE B ,9873,0.8
FR-9738R 9738R BUJE MUELLE PARTE FIJA MAZDA SERIE ,NOT FOUND,0.0
FR-9739 9739 BUJE MUELLE ISUZO NHR/NKR TAPAS,9739,1.0
FR-9740 9740 BUJE SUPERIOR DE TIJERA DE LUV 2300,9740,1.0
FR-9741 9741 BUJE BALANCIN LARGO TOYOTA HIACE,9740,0.8
FR-9742 9742 BUJE BARRA ESTABILIZADORA HINO PEQUEÑ,9782,0.8
FR-9743 9743 BUJE BARRA ESTABILIZADORA HINO GRANDE,9873,0.8
FR-9744 9744  BUJE BALANCIN FORD RANGER CORTO 2015,9740,0.8
FR-9745 9745 BUJE BALANCINFORD RANGER MODELO 2015 ,9845,0.8
FR-9746 9746 BUJE BARRA TEMPLETE HINO,9796,0.8
FR-9747 9747 BUJE TOYOTA LAND CRUISER VENEZOLANA,9779,0.8
FR-9748 9748 BUJE SUAVISADOR HOJA ECUADOR,9782,0.8
FR-9749 9749 BUJE  SUAVISADOR DMAX,9796,0.8
FR-9750 9750 BUJE PARTE FIJA VIGO 23MM (BUJE ENSAM,9850,0.8
FR-9751 9751 BUJE BARRA ESTABILIZADORA FORD CARGO,9851,0.8
FR-9752 9752 BUJE BARRA ESTABILIZADORA MAZDA BT-50,9795,0.8
FR-9753 9753 BUJE MUELLE MERCEDES BENZ ATEGO 1725 ,9873,0.8
FR-9754 9754 BUJE MUELLE MERCEDES BENZ ATEGO LO 17,9795,0.8
FR-9755 9755 BUJE MUELLE MERCEDES BENZ LO-814,9795,0.8
FR-9756 9756 BUJE PUNTA DE BARRA ESTABILIZADORA VO,9756,1.0
FR-9756 H 9756 H BUJE PUNTA DE BARRA ESTABILIZADOR,9756,0.8
FR-9756 M 9756 M BUJE PUNTA DE BARRA ESTABILIZADOR,9756,0.8
FR-9757 9757 BUJE BALANCIN N300 LARGO,9795,0.8
FR-9758 9758 BUJE MUELLE DAIHATSU DELTA,9858,0.8
FR-9759 9759 BUJE MUELLE DAIHATSU SUPER DELTA,9859,0.8
"FR-9760 9760 BUJE AMORTIGUADOR TOYOTA PRADO VIGO, ",9760,1.0
"FR-9761 9761 BUJE AMORTIGUADOR CARRETA UNIVERSAL, ",9861,0.8
FR-9762 9762 BUJE CONICO AMORTIGUADOR NPR/NHR/NKR,9796,0.8
FR-9763 9763 BUJE NISSAN MT 3000,9873,0.8
"FR-9764 9764 BUJE BARRA ESTABILIZADORA NPR, NKR, N",9864,0.8
FR-9765 9765 BUJE TOPE AUXILIAR NPR / NHR / NKR,9796,0.8
FR-9766 9766 BUJE TIJERA SUPERIOR NISSAN FRONTIER,9766,1.0
FR-9767 9767 BUJE TOPE AUXILIAR MUELLE TOYOTA HAIC,9796,0.8
FR-9768 9768 BUJE TOPE AUXILIAR MUELLE HYUNDAI MIT,9796,0.8
FR-9769 9769 BUJE BALANCIN CHERRY YOYO LARGO,9796,0.8
FR-9770 9770 BUJE BARRA ESTABILIZADORA MERCEDES BE,9780,0.8
FR-9771 9771 BUJE BARRA ESTABILIZADORA CHEVROLET S,9779,0.8
FR-9772 9772 BUJE BARRA ESTABILIZADORA CHEVROLET N,9782,0.8
"FR-9773 9773 BUJE CHEVROLET / DFSK CITYVAN C37, C3",9873,0.8
FR-9774 9774 BUJE BARRA TENSORA NISSAN PATROL,9779,0.8
FR-9775 9775 BUJE AMORTIGUADOR KENWORTH (CABINAS),9795,0.8
FR-9776 9776 BUJE BARRA ESTABILIZADORA HYUNDAI i10,9796,0.8
FR-9777 9777 BUJE BARRA ESTABILIZADORA HYUNDAI STA,9779,0.8
"FR-9778 9778 BUJE TOYOTA 4,5 PESTAÑA ANCHA",9782,0.8
FR-9779 9779 BUJE TIJERA SUPERIOR DMAX 4X2,9779,1.0
FR-9780 9780 BUJE TIJERA INFERIOR D MAX 4X2,9780,1.0
"FR-9781 9781 BUJE ESCOPETA TOYOTA, BURBUJA NISSAN ",9881,0.8
FR-9782 9782 BUJE TIJERA SUPERIOR TOYOTA PRADO,9782,1.0
"FR-9783 9783 BUJE CHEVROLET LUV ESPECIAL, FOTON Y ",9893,0.8
FR-9784 9784 BUJE BARRA TENSORA CHEVROLET N300 / D,9864,0.8
FR-9785 9785 BUJE CILINDRO 75 X 45 X 25,9859,0.8
FR-9786 9786 BUJE SUZUKI GRAND VITARA SZ,9864,0.8
FR-9787 9787 BUJE BARRA ESTABILIZADORA AVEO,9873,0.8
FR-9788 9788 BUJE BARRA ESTABILIZADORA CORSA,9883,0.8
FR-9788C 9788C BUJE BARRA ESTABILIZADORA CHINOS IN,NOT FOUND,0.0
FR-9789 9789 BUJE BARRA ESTABILIZADORA RENAULT SYM,9893,0.8
FR-9790 9790 BUJE MUELLE MAZDA BT-50,9796,0.8
FR-9791 9791 BUJE BARRA TENSORA LUV 2300/ TROOPER,9916,0.8
FR-9792 9792 BUJE VARILLA TENSORA MAZDA B2000,9796,0.8
FR-9793 9793 BUJE BALANCIN INFERIOR CHERY YOYO COR,9893,0.8
FR-9794 9794 BUJE MUELLE UAZ,9796,0.8
FR-9795 9795 BUJE MUELLE VOLKSWAGEN BENZ 515 GRAND,9795,1.0
FR-9796 9796 BUJE MUELLE VOLKSWAGUEN CRAFTER Y MER,9796,1.0
FR-9797 9797 BUJE PUNTA DE BARRA ESTABILIZADORA ME,9796,0.8
FR-9798 9798 BUJE DE TIJERA VOLKSWAGEN TIPO 4,9796,0.8
FR-9799 9799 BUJE TIJERA DE VOLKSWAGEN TIPO 4 PEQU,9796,0.8
FR-9800 9800 BUJE CAJA DE DIRECCION TOYOTA PRADO,98020,0.8
FR-9801 9801 BUJE BARRA ESTABILIZADORA RENAULT DUS,9881,0.8
FR-9802 9802 BUJE MUELLE WILLYS,98020,0.95
FR-9803 9803 BUJE MUELLE VERSION ESPECIAL LUV  40 ,9893,0.8
FR-9804 9804 BUJE BARRA TENSORA DELANTERA CHERY  X,9864,0.8
FR-9805 9805 BUJE SUAVIZADOR CUADRADO PESTAÑA OVAL,9859,0.8
FR-9806 9806 BUJE BARRA TENSORA HYUNDAI H-106 GRAC,9864,0.8
FR-9807 9807 BUJE BARRA ESTABILIZADORA NAVARA NEW ,9873,0.8
FR-9808 9808 BUJE ESPECIAL LUV GRUESO EXT 39 INT 1,9883,0.8
FR-9809 9809 BUJE BARRA ESTABILIZADORA MERCEDES BE,9893,0.8
FR-9810 9810  BUJE SILEN DE HOJA DE MUELLE,9881,0.8
FR-9811 9811 BUJE SUVISADOR UNIVERSAL,9881,0.8
FR-9812 9812 BUJE BARRA ESTABILIZADORA VOLVO,9882,0.8
FR-9813 9813 BUJE  TENSORA VOLVO (JUEGO),9813,1.0
FR-9814 9814 BUJE CHASIS Y BALANCIN LAND ROVER,9814,1.0
FR-9815 9815 BUJE CARRETA UNIVERSAL CON INTERNO,9815,1.0
FR-9816 9816 BUJE BARRA ESTABILIZADORA LUV DMAX RT,9916,0.8
FR-9817 9817 BUJE BARRA ESTABILIZADORA HINO FC CON,9881,0.8
FR-9818 9818 BUJE BARRA ESTABILIZADORA HINO SIN PE,9883,0.8
FR-9819 9819 BUJE MUESTRA IVECO,9893,0.8
FR-9820 9820 BUJE TIJERA DE MAZDA B-2000,9820,1.0
FR-9821 9821 BUJE TIJERA MONTERO MITSUBISHI V6 Y N,9821,1.0
FR-9822 9822 BUJE TIJERA MAZDA INFERIOR B 2600 220,9882,0.8
FR-9823 9823 BUJE (JUEGO) DE BARRA ESTABILIZADORA ,9823,1.0
FR-9824 9824 BUJE TOYOTA DE ESCOPETA DESCENTRADO (,FR-9824,0.95
FR-9825 9825 BUJE TOPE AUXILIAR MUELLE HINO,9882,0.8
"FR-9826 9826 BUJE ESCOPETA DE TOYOTA BURBUJA 4,5 N",FR-9826,0.95
FR-9827 9827 BUJE BARRA ESTABILIZADORA MERCEDES BE,9882,0.8
FR-9828 9828 BUJE BALANCIN HOJA TOYOTA HILUX VIGO ,9883,0.8
FR-9829 9829 BUJE BARRA ESTABILIZADORA NISSAN CABS,9829,1.0
FR-9830 9830 BUJE MUELLE HOJA TRASERA NPR 2008,9830,1.0
FR-9831 9831 BUJE BARRA ESTABI MERCEDES BENZ 815,9831,1.0
FR-9832 9832 BUJE BARRA ESTABILIADORA N300 CHEVROL,9893,0.8
"FR-9833 9833 BUJE BASE AMORTIGUADOR DELANTERO, REN",9893,0.8
"FR-9834 9834 BUJE CAJA DE DIRECCION  RENAULT CLIO,",9893,0.8
FR-9835 9835 BUJE MUELLE 40mm X 19mm X 30mm POR UN,9835,1.0
FR-9836 9836 KIT BUJE MUELLE (REMPLAZO BUJE RB-410,9836,1.0
FR-9837 9837 BUJE MUÑECO HIUNDAI ATOS,9837,1.0
FR-9838 9838 BUJE MUELLE MITSUBISHI CANTER Y TOYOT,9893,0.8
FR-9839 9839 BUJE SUAVIZADOR BOLIVIA,9893,0.8
FR-9840 9840 BUJE AMORTIGUADOR UNIVERSAL OEM 36815,9864,0.8
FR-9841 9841 BUJE BALANCIN LARGO TOYOTA HI-ACE,9881,0.8
"FR-9842 9842 BUJE CHERY VAN 2020, CHERY PRACTIVAN",9882,0.8
FR-9843 9843 BUJE PARTE FIJA N300 44 X 20,9893,0.8
"FR-9844 9844 BUJE CHERY VAN YOYO 2020 56 X 11, CHE",9864,0.8
FR-9845 9845 KIT BUJE BALANCIN LARGO TOYOTA HIACE,9845,1.0
FR-9846 9846 BUJE TOPE AMORTIGUADOR DELANTERO SSAN,9864,0.8
FR-9847 9847 BUJE CONICO DE 14 ML,9873,0.8
FR-9848 9848 BUJE CONICO DE 14ML,9883,0.8
FR-9849 9849 BUJE CARRETA UNIVERSAL,9893,0.8
FR-9850 9850 BUJE MUELLE BALANCIN RB-414 CON INTER,9850,1.0
FR-9851 9851 BUJE MUELLE PARTE FIJA HYUNDAI COUNTY,9851,1.0
FR-9852 9852 BUJE BARRA ESTABILIZADORA TOYOTA HILU,9882,0.8
FR-9853 9853 BUJE BARRA ESTABILIZADORA TOYOTA HILU,9893,0.8
FR-9854 9854 BUJE CONICO AMORTIGUADOR UNIVERSAL OE,9864,0.8
FR-9855 9855 BUJE AMORTIGUADOR UNIVERSAL OEM 36812,9859,0.8
FR-9856 9856 BUJE CONICO AMORTIGUADOR UNIVERSAL 36,9864,0.8
FR-9857 9857 BUJE TIJERA DELANTERA SUBARU FORESTER,9873,0.8
FR-9858 9858 BUJE AMORTIGUADOR DE 14MM Y 35MM,9858,1.0
FR-9859 9859 BUJE AMORTIGUADOR DE 14MM Y 42MM,9859,1.0
FR-9860 9860 BUJE PUNTA  BARRA ESTABILIZADORA NPR,9864,0.8
FR-9861 9861 BUJE AMORTIGUADOR DE 14MM Y 37MM,9861,1.0
FR-9862 9862 BUJE CILINDRICO CABINA 60 X 60 X 12,9882,0.8
FR-9863 9863 BUJE MUELLE CHANA PICK UP PARTE CHASI,9893,0.8
FR-9864 9864 BUJE AMORTIGUADOR PARA FORD RANGER 20,9864,1.0
FR-9865 9865 BUJE TOYOTA ESPECIAL 16 ML,9864,0.8
FR-9866 9866 BUJE BARRA ESTABILIZADORA NISSAN PICK,9864,0.8
FR-9867 9867 BUJE TIJERA CHEVROLET AVEO SAIL 1.4 /,FR-9867,0.95
FR-9868 9868 BUJE BARRA ESTABILIZADORA CHEVROLET L,9883,0.8
FR-9869 9869 BUJE BARRA ESTABILIZADORA MITSUBISHI ,9893,0.8
FR-9870 9870 BUJE BARRA ESTABILIZADORA HONDA CIVIC,9873,0.8
FR-9871 9871 BUJE BARRA ESTABILIZADORA HONDA CRV D,9881,0.8
FR-9872 9872 BUJE BARRA ESTABILIZADORA HONDA CRV T,9882,0.8
"FR-9873 9873 BUJE AMORTIGUADOR TOYOTA TACOMA, RUNN",9873,1.0
FR-9874 9874 BUJE BARRA ESTABILIZADORA MAZDA ALLEG,9873,0.8
FR-9875 9875 BUJE UNIVERSAL PARA AMORTIGUADOR,9873,0.8
FR-9876 9876 BUJE BARRA ESTABILIZADORA TOYOTA CORO,9873,0.8
FR-9877 9877 BUJE CONICO UNIVERSAL,9873,0.8
FR-9878 9878 BUJE PARA BRAZO TENSOR DE DIRECCION T,9883,0.8
FR-9879 9879 BUJE PARA BRAZO DIRECCION TOYOTA HILU,9893,0.8
FR-9880 9880 BUJE BARRA ESTABILIZADORA TOYOTA 22R ,9883,0.8
FR-9881 9881 BUJE KIT PALANCA DE CAMBIOS TOYOTA CE,9881,1.0
FR-9881B 9881B BUJE KIT PALANCA DE CAMBIOS TOYOTA,9881,0.8
FR-9882 9882 BUJE TOPE MUELLE DELANTERO NKR Y NPR ,9882,1.0
FR-9882R 9882R BUJE REPUESTO TOPE MUELLE DELANTERO,9882,0.8
FR-9883 9883 BUJE BARRA ESTABILIZADORA TOYOTA FJ C,9883,1.0
FR-9884 9884 BUJE BARRA ESTABILIZADORA HYUNDAI H1 ,9883,0.8
FR-9885 9885 BUJE BARRA ESTABILIZADORA EJE DELANTE,9883,0.8
FR-9886 9886 BUIJE BARRA ESTABILIZADORA TOYOTA 4 R,9883,0.8
FR-9887 9887 BUJE BARRA ESTABILIZADORA MITSUBISHI ,9883,0.8
FR-9888 9888 BUJE MUELLE PARTE BALANCIN HAFEI CHIN,9883,0.8
FR-9889 9889 BUJES MUELLE VEHICULOS CHINOS,9893,0.8
FR-9890 9890 BUJE BARRA ESTABILIZADORA DELANTERO C,9893,0.8
FR-9891 9891 BUJE PALANCA DE CAMBIOS TOYOTA (MEDID,9916,0.8
FR-9892 9892 BUJE PARA BRAZO TENSOR DE DIRECCION T,9893,0.8
FR-9893 9893 BUJE TIJERA CHEVROLET AVEO - SAIL,9893,1.0
FR-9894 9894 BUJE BARRA ESTABILIZADORA CHEVROLET S,9893,0.8
FR-9896 9896 BUJE MUELLE TOYOTA 22R SENCILLO,FR-9896,0.95
"FR-9902 9902 BUJE BARRA TENSORA ISUZU PUB, KB",9402,0.8
"FR-9903 9903 BUJE MUELLE ESPECIAL 18,2 X 30 X 70",FR-9903,0.95
"FR-9904 9904 BUJE MUELLE ESPECIAL 18,2 X 30 X 76",FR-9904,0.95
FR-9905 9905 BUJE PARA BALANCIN DOBLE ACCIÓN BDF-0,9795,0.8
FR-9906 9906 BUJE BARRA ESTABILIZADORA TOYOTA PRAD,9916,0.8
FR-9907 9907 BUJE BARRA TENSORA TOYOTA HIACE (03-1,9707,0.8
FR-9908 9908 BUJE BRAZO DELANTERO SUPERIOR NISSAN ,FR-9908,0.95
FR-9909 9909 BUJE BARRA ESTABILIZADORA HYUNDAI TER,9409,0.8
FR-9910 9910 BUJE ACOPLE ESTRELA PARA CAJA DE DIRE,9916,0.8
"FR-9911 9911 BUJE BRAZO OSCILANTE NISSAN NAVARA, D",9916,0.8
FR-9912 9912 BUJE BARRA ESRABILIZADORA DELANTERA N,9916,0.8
FR-9913 9913 BUJE BARRA ESTABILIZADORA DELANTERA N,9916,0.8
FR-9914 9914 BUJE BARRA TENSORA HYUNDAI STAREX 97.,9916,0.8
FR-9915 9915 BUJE TOPE MUELLE SUSPENSION TRASERA T,9916,0.8
FR-9916 9916 BUJE DE AMORTIGUADOR PARA MERCEDES CO,9916,1.0
FR-9917 9917 BUJE BARRA ESTABILIZADORA TRASERA NIS,9916,0.8
FR-9918 9918 BUJE MUELLE HULE BALANCIN PARA MITSUB,9916,0.8
FR-9919 9919 BUJE BARRA ESTABILIZADORA TRASERO HYU,9916,0.8
FR-9920 9920 BUJE TEMPLETE BARA ESTABILIZADORA TOY,FR-9920,0.95
FR-9921 9921 BUJE BARRA ESTABILIZADORA DELANTERA H,9916,0.8
FR-9922 9922 BUJE BARRA ESTABILIZADORA CHERY VAN C,9422,0.8
FR-9923 9923 BUJE MUELLE FORD RANGER 2.2 y 3.2 MOD,FR-9923,0.95
FR-9925 9925 BUJE MUELLE PARTE FIJA KEYTON VAN,9795,0.8
FR-9926 9926 BUJE BALANCIN PARTE BALANCIN KEYTON V,9916,0.8
FR-9927 9927 BUJE PUNTA BARRA ESTABILIZADORA NPR E,9727,0.8
FR-9928 9928 9835 BUJE MUELLE 40mm X 18mm X 30mm (,NOT FOUND,0.0
FR-9929 9929 BUJE MUELLE PARTE CHASIS DFSK 1500,9829,0.8
FR-9930 9930 BUJE BARRA ESTABILIZADORA DELANTERA H,9893,0.8
FR-9931 9931 BUJE MUELLE KIA GRAN PREGIO MOD 2008 ,FR-9931,0.95
FR-9933 9933 BUJE TIJERA TOYOTA COROLLA,FR-9933,0.95
FR-9934 9934 BUJE TIJERA PUÑO TOYOTA COROLLA,FR-9934,0.95
FR-9935 9935 BUJE TEMPLADOR DE LA SUSPENSIÒN AMPRO,FR-9935,0.95
FR-9936 9936 BUJE TOPE MUELLE FORD RANGER BT-50 CO,9916,0.8
FR-9937 9937 BUJE TOPE MUELLE FORD RANGER BT-50 LA,9893,0.8
FR-9938 9938 BUJE CABINA Ø56 X Ø12 X 52,9893,0.8
FR-9939 9939 BUJE CABINA Ø67 X Ø13 X 67,9893,0.8
FR-9940 9940  BUJE CABINA Ø80 X Ø14  X 70,9740,0.8
FR-9941 9941 BUJE MUELLE N300,9916,0.8
FR-9942 9942 BUJE SUAVIZADOR DE HOJA DE MUELLE TOY,9462,0.8
FR-9943 9943 BUJE SUAVIZADOR RECTANGULAR PESTAÑA O,9893,0.8
FR-9944 9944 BUJE TOPE  SUPERIOR BALLESTA NISSAN F,9464,0.8
FR-9944R 9944R BUJE TOPE  SUPERIOR BALLESTA NISSAN,NOT FOUND,0.0
FR-9945 9945 BUJE TIJERA SUPERIOR HILUX 4X4 CORTO ,FR-9945,0.95
FR-9946 9946 BUJE DELANTERO SUPERIOR NISSAN URVAN ,FR-9946,0.95
FR-9947 9947 BUJE BARRA ESTABILIZADORA DELANTERA S,9467,0.8
"FR-9953 9953 BUJE BARRA ESTABILIZADORA NPR, NKR, N",9893,0.8
FR-9955 9955 BUJE SUAVIZADOR TOYOTA HI ACE MODERNO,9795,0.8
FR-9956 9956 SUAVIZADOR MERCEDES ACCELO,9916,0.8
FR-9957 9957 BUJE TRASERO TOYOTA NEW HI ACE PREMIO,9795,0.8
FR-9959 9959 BUJE BARRA ESITABILIZADORA TRASERA ME,9859,0.8
FR-9960 9960 BUJE BARRA ESTABILIZADORA MERCEDES AT,9916,0.8
FR-9962 9962 BUJE MUELLE LARGO NISSAN DATSUN l200,9916,0.8
FR-9963 9963 BUJE LARGO PARA BALANCIN DOBLE FUNCIO,9916,0.8
FR-9964 9964 BUJE CORTO PARA BALANCIN DOBLE FUNCIO,9916,0.8
FR-9965 9965 BUJE PARTE FIJA NISSAN DATSUN 720 D21,9916,0.8
FR-9968 9968 BUJE TOPE MUELLE DAIHATSU DELTA CHASI,9916,0.8
FR-9974 9974 BUJE INTERNO GIRATORIO BALANCIN DOBLE,9740,0.8
FR-9977 9977 BUJE ARTICULACION BALANCIN DOBLE FUNC,9779,0.8
FR-9978 9978 BUJE TORRE AMORTIGUADOR UNIVERSAL- PE,9782,0.8
FR-9980 9980 BUJE TORRE AMORTIGUADOR UNIVERSAL - G,9850,0.8
FR-9984 9984 BUJE FOTON (AUMARK) EXT 38.5,9864,0.8
FR-9985 9985 BUJE MUELLE PARTE FIJA TOYOYA HILUX (,9859,0.8
FR-CAR 001 BUJE CARCAZA PARA HOJA MUELLE NKR,NOT FOUND,0.0
FR-LLAVERO BUJE LLAVERO,NOT FOUND,0.0
HR-G31D HERRADURA GRANDE DELANTERA 31-33,NOT FOUND,0.0
HR-G31T HERRADURA GRANDE TRASERA 31-33,NOT FOUND,0.0
HR-M27D HERRADURA MEDIANA DELANTERA 27-30,NOT FOUND,0.0
HR-M27T HERRADURA MEDIANA TRASERA 27 - 30,NOT FOUND,0.0
HR-M27T-FT HERRADURA MEDINA TRASERA FOTOLUMINISCEN,NOT FOUND,0.0
HR-P24D HERRADURA PEQUEÑA DELANTERA 24-26,NOT FOUND,0.0
HR-P24T HERRADURA PEQUEÑA TRASERA 24-26,NOT FOUND,0.0
HR-XLD HERRADURA GIGANTE DELANTERA,NOT FOUND,0.0
HR-XLT HERRADURA GIGANTE TRASERA,NOT FOUND,0.0
IM-50002 50002 BUJE SUPLEMETO AMORTIGUADOR TOYOTA ,NOT FOUND,0.0
IM-50003 50003 BUJE  SUPLEMENTO  MAZDA BT-50 Y LUV,NOT FOUND,0.0
IM-50006 50006 BUJE SUPLEMENTO NISSAN FRONTIER NP ,NOT FOUND,0.0
IM-90001 90001 BUJE TRAILER INCA CONICO,NOT FOUND,0.0
IM-90002 90002 BUJE TRAILER INCA CONICO,NOT FOUND,0.0
IM-90003 90003 BUJE QUINTA RUEDA HOLLAND,NOT FOUND,0.0
IM-90004 90004 BUJE QUINTA RUEDA HOLLAND MOD VIEJO,NOT FOUND,0.0
IM-93001 93001 BUJE UNIVERSAL ESTABILIZADORA,93080,0.8
IM-93002 93002 BUJE PARA SUSPENSION UNIVERSAL,93080,0.8
IM-93003 93003 BUJE TOYOTA LAND CRUISER MOD 80,93080,0.8
"IM-93004 93004 BUJE CHEVROLET LUV, TROOPER",93080,0.8
IM-93005 93005 BUJE SUZUKI SAMURAI SUPER CARRY LIS,93080,0.8
IM-93006 93006 BUJE ISUZU NKR TRASERO VARIOS,93006HDR,0.95
IM-93006HD 93006HD BUJE ISUZU NKR TRASERO VARIOS,93006HD,1.0
IM-93006HDR 93006HDR BUJE ISUZU NKR TRASERO VARIOS,93006HDR,1.0
IM-93008 93008 BUJE SUZUKI SAMURAI SUPER CARRY DEL,93080,0.8
IM-93009 93009 BUJE TOYOTA LAND CRUISER BP-70 TRAS,93080,0.8
IM-93010 93010 BUJE CHEVROLET LUV 1600 TRASERO,93080,0.8
IM-93011 93011 BUJE MUELLE BALANCIN MONTERO MITSUB,94011,0.8
IM-93012 93012 BUJE MUELLE BALANCIN MONTERO MITSUB,97012,0.8
IM-93013 93013 BUJE HYUNDAI HD 65 HD 72,93013H,0.95
"IM-93013H 93013H BUJE HYUNDAI HD 65, 72 Y 78 CAMIS",93013H,1.0
"IM-93013HD 93013HD BUJE HYUNDAI HD 65, 72 Y 78 BUJ",93013HD,1.0
IM-93014 93014 BUJE BRAZO CHEVROLET SPARK,93013H,0.8
IM-93016 93016 BUJE BALANCIN MUELLE PARA MITSUBISH,9306HD,0.8
"IM-93017 93017 BUJE DE MUELLE PARA NISSAN 620,720 ",93013H,0.8
IM-93018 93018 BUJE FORD RANGER CORTO 2010,93080,0.8
IM-93020 93020 BUJE NISSAN D21 4WD TODOS MODELOS T,98020,0.8
IM-93022 93022 BUJE CON CARCAZA NHR NKR,93022,1.0
IM-93026 93026 BUJE LARGO TOYOTA HILUX,93022,0.8
IM-93029 93029 BUJE FOR RANGER,93022,0.8
IM-93055 93055 BUJE BARRA ESTABILIZADORA LAND CRUI,NOT FOUND,0.0
IM-93078 93078 BUJE AMORTIGUADOR TOYOTA UNIVERSAL,93080,0.8
IM-93080 93080 BUJE NPR (HOJA),93080,1.0
IM-93082 93082 BUJE MUELLE BALANCIN PARA TOYOTA LA,93080,0.8
IM-94001 94001 BUJE CHEVROLET LUV 1600; 2000; 2300,9401,0.8
"IM-94011 94011 BUJE MAZDA B1600, B2000, B2200",94011,1.0
IM-94013 94013 BUJE CAMPEROS GENERICO,9413,0.8
"IM-94030 94030 BUJE MUÑECO RENAULT CLIO, SYMBOL",9430,0.8
IM-94030 A 94030 A BUJE CON PESTAÑA,9430,0.8
IM-94030 B 94030 B BUJE MUÑECO SIN PESTAÑA,9430,0.8
IM-94030 C 94030 C BUJE CON FIGURA,9430,0.8
IM-96009 96009 BUJE PARTE FIJA LUV  2300 DMAX,NOT FOUND,0.0
IM-96022 96022 BUJE SUAVIADOR UNIVERSAL CUADRADO,93022,0.8
IM-96028 96028 BUJE MUELLE HULE BALANCIN CORTO PAR,NOT FOUND,0.0
IM-96029 96029 BUJE MUELLE HULE BALANCIN LARGO PAR,NOT FOUND,0.0
IM-96030 96030 BUJE FORD RANGER CORTO 2010,NOT FOUND,0.0
IM-96031 96031 BUJE CONICO AMORTIGUADOR MERCEDES B,NOT FOUND,0.0
IM-96032 96032 BUJE CONICO VARIOS,NOT FOUND,0.0
IM-96033 96033 BUJE CONICO MEDIANO,NOT FOUND,0.0
IM-96034 96034 BUJE DE TENSOR ATOS,NOT FOUND,0.0
IM-96036 96036 BUJE BRAZO CHEVROLET SPRINT,NOT FOUND,0.0
IM-96040 96040 BUJE DMAX 4 X 4,97040,0.8
IM-96058 96058 BUJE MUELLE BALANCIN RB-414 SOLO PO,NOT FOUND,0.0
IM-96072 96072 BUJE NKR NHR NPR PARA HOJA,NOT FOUND,0.0
IM-97001 97001 BUJE CHEVROLET N200-300 LARGO,7001,0.8
IM-97002 97002 BUJE TOYOTA NEW HILUX VIGO 2007 LAR,97080,0.8
IM-97003 97003 BUJE TOYOTA HILUX VIGO 2007 CORTO,97080,0.8
IM-97004 97004 BUJE CHEVROLET N200-300 CORTO,97080,0.8
IM-97005 97005 BUJE MUELLE PARTE FIJA CHINOS,7005,0.8
IM-97006 97006 BUJE HYUNDAI COUNTY,97006,1.0
"IM-97007 97007 BUJE PARTE FIJA HYUNDAI HD 65, 72 Y",97007,1.0
IM-97008 97008 BUJE BALANCIN MUELLE DAIHATSU F-20,7008,0.8
IM-97009 97009 BUJE TEMPLETE PARA CHINOS TODAS LAS,7009,0.8
IM-97010 97010 BUJE AMORTIGUADOR DELANTERO TOYOTA ,7010,0.8
IM-97011 97011 BUJE PARTE FIJA DAIHATSU F-20 TODOS,7011,0.8
IM-97012 97012 BUJE HYUNDAI COUNTY SOLO BUJE INT,97012,1.0
IM-97014 97014 BUJE SUAVIADOR UNIVERSAL REDONDO ME,7014,0.8
IM-97015 97015 BUJE SUAVISADOR UNIVERSAL REDONDO G,7015,0.8
IM-97016 97016 BUJE SUAVIZADOR PEQUEÑO,9706,0.8
IM-97018 97018 BUJE BALANCIN FOTON CAMION,7018,0.8
IM-97020 97020 BUJE PARTE FIJA FRONTIER GRUESO,98020,0.8
IM-97021 97021 BUJE NPR,97021,1.0
IM-97022 97022 BUJE RB 413 PARTE FIJA NPR 2011,7022,0.8
IM-97023 97023 BUJE RB 440 PARTE FIJA NPR 2011,7023,0.8
IM-97024 97024  BUJE BALANCIN NISSAN FRONTIER,7024,0.8
IM-97025 97025 BUJE DAIHATSU F20 LARGO,7025,0.8
IM-97026 97026 BUJE BARRA ESTABILIZADORA VIGO HIAC,9706,0.8
IM-97027 97027 BUJE NISSAN TIDA VERSA Y MICRA,97027,1.0
IM-97031 97031 BUJE MUELLE CHEVROLET N300 2015 Cor,97039,0.8
"IM-97032 97032 BUJE MUELLE TOYOTA 4,5 MONJITA VENE",97039,0.8
IM-97035 97035 BUJE TIJERA MAZDA BT-50,97035,1.0
IM-97039 97039 BUJE HD 65,97039,1.0
IM-97040 97040 BUJE TIJERA LUV 2300 Y DMAX,97040,1.0
IM-97041 97041 BUJE BALANCIN LARGO HIACE,97040,0.8
IM-97042 97042 BUJE HINO FG PEQUEÑO,97040,0.8
IM-97043 97043 BUJE HINO FG GRANDE,97040,0.8
IM-97045 97045 BUJE FORD RANGER LARGO,97040,0.8
IM-97046 97046 BUJE BARRA TEMPLETE DE HINO,9706,0.8
IM-97047 97047 BUJE TOYOTA 14MM VENEZOLANA,9707,0.8
IM-97048 97048 BUJE SUAVISADOR HOJA ECUADOR,97080,0.8
IM-97050 97050 BUJE PARTE FIJA VIGO 23MM (BUJE ENS,97080,0.8
IM-97052 97052 BUJE BARRA MAZDA BT-50,97035,0.8
IM-97058 97058 BUJE DAIHATSU DELTA,97080,0.8
IM-97059 97059 BUJE MUELLE DAIHATSU SUPER DELTA,97079,0.8
IM-97060 97060 BUJE DMAX PRADO,97060,1.0
IM-97061 97061 BUJE AMORTIGUADOR CARRETA UNIVERSAL,9706,0.8
IM-97062 97062 BUJE CONICO AMORTIGUADOR NHR/NKR/NP,9706,0.8
IM-97065 97065 BUJE TOPE AUXILIAR NPR,9706,0.8
IM-97066 97066 BUJE TIJERA SUPERIOR NISSAN FRONTIE,97066,1.0
IM-97071 97071 BUJE BARRA ESTABILIZADORA CHEVROLET,9707,0.8
IM-97072 97072 BUJE BARRA ESTABILIZADORA CHEVROLET,9707,0.8
IM-97079 97079 BUJE TIJERA SUPERIOR DMAX 4X2,97079,1.0
IM-97080 97080 BUJE TIJERA INF DMAX 4X2,97080,1.0
IM-97083 97083 BUJES MUELLE LUV 2300 DIAMETRO INT ,97080,0.8
IM-97084 97084 BUJE BARRA TENSORA CHEVROLET N300,97080,0.8
IM-97086 97086 BUJE SUZUKI GRAND VITARA SZ,9706,0.8
IM-97087 97087 BUJE BARRA ESTABILIZADORA AVEO,9707,0.8
IM-97088 97088 BUJE BARRA ESTABILIZADORA CORSA,97080,0.8
IM-97089 97089 BUJE BARRA ESTABILIZADORA RENAULT S,97080,0.8
IM-97090 97090 BUJE MUELLE MAZDA BT-50,97080,0.8
IM-97091 97091 BUJE BARRA TENSORA LUV 2300 TROOPER,97079,0.8
IM-97092 97092 BUJE VARILLA TENSORA MAZDA B2000,97079,0.8
IM-98001 98001 BUJE BARRA ESTABILIZADORA RENAULT D,98020,0.8
IM-98003 98003 BUJE MUELLE ESPECIAL LUV CHEVROLET ,98020,0.8
IM-98006 98006 BUJE BARRA TENSORA HYUNDAI H-160 GR,98020,0.8
IM-98007 98007 BUJE BARRA ESTABILIZADORA NAVARA NE,98020,0.8
IM-98010 98010 BUJE SUAVIZADOR DE HOJA DE MUELLE T,98020,0.8
IM-98011 98011 BUJE SUAVISADOR UNIVERSAL,94011,0.8
IM-98016 98016 BUJE BARRA ESTABILIZADORA LUV DMAX ,NOT FOUND,0.0
IM-98017 98017 BUJE BARRA ESTABILIZADORA HINO FC C,NOT FOUND,0.0
IM-98018 98018 BUJE BARRA ESTABILIZADORA HINO SIN ,NOT FOUND,0.0
IM-98020 98020 BUJE TIJERA DE MAZDA B200,98020,1.0
IM-98025 98025 BUJE TOPE AUXILIAR MUELLE HINO,98020,0.8
IM-98038 98038 BUJE MITSUBISHI CANTER,NOT FOUND,0.0
IM-98039 98039 BUJE SUAVISADOR BOLIVIA,97039,0.8
IM-98042 98042 BUJE CHERY VAN 2020,98020,0.8
IM-98048 98048 BUJE CONICO 16mm,NOT FOUND,0.0
IM-98052 98052 BUJE BARRA ESTABILIZADORA TOYOTA HI,98020,0.8
IM-98053 98053 BUJE BARRA ESTABILIZADORA TOYOTA HI,NOT FOUND,0.0
IM-98060 98060 BUJE PUNTA  BARRA ESTABILIZADORA NP,98020,0.8
IM-98068 98068 BUJE BARRA ESTABILIZADORA CHEVROLET,NOT FOUND,0.0
IM-98077 98077 BUJE CONICO UNIVERSAL,NOT FOUND,0.0
IM-98082 98082 BUJE TOPE MUELLE DELANTERO NKR Y NP,9882,0.8
IM-98082R 98082R BUJE REPUESTO TOPE MUELLE DELANTE,9882,0.8
IM-98088 98088 BUJE MUELLE CHEROLET N300 14mm  (CO,NOT FOUND,0.0
IM-98089 98089 BUJE MUELLE VEHICULOS CHINOS,NOT FOUND,0.0
IM-98090 98090 BUJE BARRA ESTABILIZADORA DELANTERO,98020,0.8
IM-99015 99015 BUJE TOPE MUELLE SUSPENSION TRASERA,NOT FOUND,0.0
INT9306HD TUBO INTERNO NKR LARGO,9306HD,0.8
INT9380 TUBO INTERIOR NPR,NOT FOUND,0.0
INT9609 BUJE INTERNO RB-410,NOT FOUND,0.0
INT9722 TUBO INTERIOR 413,NOT FOUND,0.0
INT9723 TUBO INTERIOR NKR PARA 440,NOT FOUND,0.0
INT9735 BUJE INTERNO BT-50,NOT FOUND,0.0
INT9740 TUBO INTERNO TIJERA DE LUV,NOT FOUND,0.0
INT9760 TUBO INTERNO 9760-PRADO,NOT FOUND,0.0
INT9780 INTERNO PARA ENSAMBLE 9780,NOT FOUND,0.0
INT9820 INTERNO BUJE TIJERA MAZDA B2000 9820,NOT FOUND,0.0
INT9821 INTERNO BUJE 9821,NOT FOUND,0.0
"INT9845 INTERNO  Ø INT 14,5 - Ø EXT 19,5 - ALTURA ",NOT FOUND,0.0
INT9851 TUBO PARA 9851,NOT FOUND,0.0
"KIT-01-5003 01-5003 BUJE SUPLEMENTO MAZDA BT-50, F",NOT FOUND,0.0
KIT-02-5003 02-5003 BUJE SUPLEMENTO LUV DMAX 4X2,NOT FOUND,0.0
KIT-03-5002 03-5002  BUJE SUPLEMENTO TOYOTA,NOT FOUND,0.0
KIT-04-5006 04-5006 KIT BUJE SUPLEMENTO 5006 NISSA,NOT FOUND,0.0
KIT-05-5008 05-5008 KIT BUJE SUPLEMENTO FORD RANGE,NOT FOUND,0.0
KIT-06-5002A 06-5002A KIT BUJE SUPLEMENTO TOYOTA,NOT FOUND,0.0
KIT-07-5014 07-5014 KIT BUJE SUPLEMENTO DELANTERO ,NOT FOUND,0.0
KIT-08-5009 08-5009 KIT BUJE SUPLEMENTO FORD 150,NOT FOUND,0.0
KIT-09-5002B 09-5002B KIT BUJE SUPLEMENTO TOYOTA,NOT FOUND,0.0
KIT-5002 KIT-5002 KIT BUJE SUPLEMENTO TOYOTA,NOT FOUND,0.0
"KIT-5003 KIT 5003 BUJE SUPLEMENTO MAZDA BT-50, FOR",NOT FOUND,0.0
KIT-5006 KIT-5006  BUJE SUPLEMENTO 5006 NISSAN FRO,NOT FOUND,0.0
MG-01 MANGO PARA ESCOFINA AMARILLO,NOT FOUND,0.0
MG-02 MANGO PARA ESCOFINA AZUL,NOT FOUND,0.0
MG-03 MANGO PARA ESCOFINA FOTOLUMINISCENTE,NOT FOUND,0.0
MG-04 MANGO PARA ESCOFINA GRIS,NOT FOUND,0.0
MG-05 MANGO PARA ESCOFINA MORADO,NOT FOUND,0.0
MG-06 MANGO PARA ESCOFINA NARANJA,NOT FOUND,0.0
MG-07 MANGO PARA ESCOFINA ROSADO,NOT FOUND,0.0
MG-08 MANGO PARA ESCOFINA ROJO,NOT FOUND,0.0
MG-09 MANGO PARA ESCOFINA VERDE,NOT FOUND,0.0
MG-10 MANGO PARA ESCOFINA CRISTALINO,NOT FOUND,0.0
MGP-A MANGO PUNTERA PARA ESCOFINA,NOT FOUND,0.0
"MT-7000 7000 BUJE PULSAR 220, 180  Y 150",7010,0.8
"MT-7000-B 7000-B BUJE PULSAR 220, 180 Y 150",7010,0.8
MT-7001 7001 BUJE UM RENEGADE Y AKT SL 125,7001,1.0
"MT-7002 7002 BUJE PULSAR NS 200, PULSAR 1, KTM 200",7002-SP-A,0.95
"MT-7002-B 7002-B BUJE PULSAR NS 200, PULSAR 1, KTM",7002-SP-A,0.95
"MT-7002-SP-A 7002-SP-A  BUJE KTM 200, 250, 390 NG ",7002-SP-A,0.95
"MT-7002-SP-B MT-7002-SP-B BUJE KTM 200,390 Y DOMIN",7002-SP-A,0.95
MT-7003 7003 BUJE GENERICO MOTO,7023,0.8
"MT-7004 7004 BUJE AKT EVO, APACHE 160,  180 Y 200 ",7024,0.8
"MT-7004-B 7004-B BUJ AKT EVO, APACHE 160, 180 Y 20",7024,0.8
MT-7005 7005 BUJE AKT CR4,7005,1.0
"MT-7005-B 7005-B BUJE BAJAJ, BOXER, DISCOVER, PLAT",7005,1.0
MT-7006A 7006A  LIMPIABRISAS PARA MOTO AMARILLO,97006,0.8
MT-7006AZ 7006AZ LIMPIABRISAS PARA MOTO AZUL,97006,0.8
MT-7006B 7006B LIMPIABRISAS PARA MOTO BEIGE,97006,0.8
MT-7006F 7006F LIMPIABRIASAS PARA MOTO FUCSIA,97006,0.8
MT-7006FT 7006FT LIMPIABRISAS  PARA MOTO FOTOLUMIN,97006,0.8
MT-7006G 7006G LIMPIABRISAS PARA MOTO GRIS,97006,0.8
MT-7006M 7006MT LIMPIABRISAS PARA MOTO MORADO,97006,0.8
MT-7006N 7006N LIMPIABRISAS PARA MOTO NARANJA,97006,0.8
MT-7006NG 7006 NG LIMPIABRISAS PARA MOTO NEGRO,97006,0.8
MT-7006R 7006R LIMPIABRISAS  PARA MOTO ROJO,97006,0.8
MT-7006V 7006V LIMPIABRISAS PARA MOTO VERDE,97006,0.8
MT-7006VM 7006 VM LIMPIA BRISAS PARA MOTO VERDE MI,97006,0.8
MT-7007 7007 BUJE KAWASAKI Z 250 Y NINJA 300,97007,0.95
"MT-7008 7008 BUJE  HONDA CB 160, 190 E INVICTA 150",7008,1.0
"MT-7008-B 7008-B BUJE HONDA CB 160, 190 E INVICTA ",7008,1.0
MT-7009 7009 BUJE AKT,7009,1.0
MT-7009-B 7009-B BUJE YAMAHA R15 SOLO FRENO DE DIS,7009,1.0
MT-7010 7010 BUJE CAMPANA BMW F 650 GS KIT X 3,7010,1.0
"MT-7011 7011 BUJE YAMAHA FZ 2,5, MT 15 Y R15 V3 Y ",7011,1.0
MT-7011-B 7011-B BUJE YAMAHA F 2.5,7011,1.0
MT-7012 7012 BUJE YAMAHA R3 Y MT 03,7012,1.0
MT-7013 7013 BUJE SUZUKI GIXXER SF Y GSX 150R,7013,1.0
MT-7013-B 7013-B BUJE SUZUKI GIXXER SF Y GSX 150R,7013,1.0
MT-7014 7014 BUJE YAMAHA XT 660,7014,1.0
MT-7015 7015 BUJE CAMPANA SUZUKI  V STROM,7015,1.0
MT-7016 7016 BUJE CAMPANA SUZUKI DR 650,7016,1.0
MT-7017 7017 BUJE YAMAHA R6 /MT07/ XRS700 / FZ07,7017,1.0
"MT-7018 7018 BUJE KAWASAKI 650, 700, 800, 900 Y VE",7018,1.0
MT-7019 7019 BUJE YAMAHA R1 / MT09 / XRS900 / FZ09,7019,1.0
MT-7020A 7020A BUJE PROTECTOR CAMBIOS MOTO AMARILL,NOT FOUND,0.0
MT-7020AZ 7020AZ BUJE PROTECTOR CAMBIOS MOTO AZUL,NOT FOUND,0.0
MT-7020B 7020B BUJE PROTECTOR CAMBIOS MOTO BEIGE,7009-B,0.8
MT-7020F 7020F BUJE PROTECTOR CAMBIOS MOTO FUCSIA,NOT FOUND,0.0
MT-7020FL 7020FL BUJE PROTECTOR CAMBIOS MOTO FLOUR,NOT FOUND,0.0
MT-7020G 7020G BUJE PROTECTOR CAMBIOS MOTO GRIS,NOT FOUND,0.0
MT-7020M 7020M BUJE PROTECTOR CAMBIOS MOTO MORADO,NOT FOUND,0.0
MT-7020N 7020N BUJE PROTECTOR CAMBIOS MOTO NARANJA,NOT FOUND,0.0
MT-7020NG 7020NG BUJE PROTECTOR CAMBIOS M OTO NEGR,NOT FOUND,0.0
MT-7020R 7020R BUJE PROTECTOR CAMBIOS MOTO ROJO,NOT FOUND,0.0
MT-7020V 7020V BUJE  PROTECTOR CAMBIOS MOTO VERDE,NOT FOUND,0.0
MT-7020VM 7020VM BUJE PROTECTOR CAMBIOS MOTO VERDE,NOT FOUND,0.0
MT-7021 7021 BUJE CAMPANA AKT CR5 / TTX / XM180,7021,1.0
"MT-7022 7022 BUJE CAMPANA CF MOTOS 250NK, 300NK, 2",7022,1.0
"MT-7023 7023 BUJE CAMPANA CF MOTOS 400NK, 400GT, 6",7023,1.0
MT-7024 7024 BUJE SUZUKI GIXXER 250,7024,1.0
MT-7025 7025 BUJE CAMPANA HONDA XR300,7025,1.0
MT-7029 7029 BUJE CAMPANA VICTORY ZONTES ZT350 GK,7025,0.8
MT-7030 7030 BUJE CAMPANA BMW GS310 Y 310 KIT X 3,7023,0.8
MT-7031 7031 BUJE PORTA SPROCKET BMW 750 Y 850,7023,0.8
"MT-7032 7032  BUJE KTM 200, 250, 390 NG Y CLASICA ",7025,0.8
MT-7033 7033,7023,0.8
PL-001 PLANTILLA CON SOPORTE DE RANILLA,NOT FOUND,0.0
PL-002 PLANTILLA SENCILLA,NOT FOUND,0.0
PL-002-N PLANTILLA SENCILLA NEGRA,NOT FOUND,0.0
PL-003 PLANTILLA COMPENSADA A 2°,NOT FOUND,0.0
PL-TOPE 9765 PLATINA PARA ENSAMBLE 9765,NOT FOUND,0.0
PL-TOPE 9768 PLATINA PARA ENSAMBLE 9768,NOT FOUND,0.0
SP-130 SEPARADOR DE 130MM IRIS,NOT FOUND,0.0
V BUJE BARRA ESTABILIZADORA HINO SIN PESTAÑA,NOT FOUND,0.0
